{
    "ncb_ee_all_TIS_sb_fits": [
        273.92554258817245,
        104.52125231059075
    ],
    "npr_ee_all_TIS_sb_fits": [
        400.8997610628811,
        104.79342887853157
    ],
    "mu_cb_ee_all_TIS_sb_fits": [
        4299.895281138065,
        48.508430309040904
    ],
    "lm_cb_ee_all_TIS_sb_fits": [
        31.78937305767519,
        3.365643125899746
    ]
}