{
    "a": [
        -164.5544283118813,
        41.65578659782185
    ],
    "b": [
        2113.563256571038,
        71.34326924565985
    ],
    "npr_ee_all_TOS_sb_fits_4": [
        464.83481360250147,
        77.89335030076673
    ],
    "nsg_ee_all_TOS_sb_fits_4": [
        187.50504493322128,
        44.70236629143332
    ],
    "mu_cb_ee_all_TOS_sb_fits_4": [
        4111.940921522848,
        47.74108168215608
    ],
    "lm_cb_ee_all_TOS_sb_fits_4": [
        47.582463485228295,
        3.092792475174973
    ],
    "npr_ee_all_TOS_sb_fits_3": [
        157.78708648124305,
        60.70882864491877
    ],
    "nsg_ee_all_TOS_sb_fits_3": [
        58.32887046046468,
        32.82376942351826
    ],
    "mu_cb_ee_all_TOS_sb_fits_3": [
        4145.934768305192,
        38.635517015229155
    ],
    "lm_cb_ee_all_TOS_sb_fits_3": [
        49.33740908632662,
        2.717938949545036
    ],
    "npr_ee_all_TOS_sb_fits_2": [
        49.59463667578288,
        48.964845621428516
    ],
    "mu_cb_ee_all_TOS_sb_fits_2": [
        4180.690630583189,
        27.823364400058875
    ],
    "lm_cb_ee_all_TOS_sb_fits_2": [
        47.575688583690464,
        1.6976697891456154
    ],
    "npr_ee_all_TOS_sb_fits_1": [
        2.109012014507583e-05,
        0.0587608830084689
    ],
    "mu_cb_ee_all_TOS_sb_fits_1": [
        4152.360078498436,
        27.105617906325318
    ],
    "lm_cb_ee_all_TOS_sb_fits_1": [
        50.374937289523885,
        1.6434138729253642
    ]
}