{
    "ncb_ee_all_TIS_sb_fits": [
        278.591796783457,
        106.0388882217445
    ],
    "npr_ee_all_TIS_sb_fits": [
        402.64353617978236,
        106.28988583480407
    ],
    "mu_cb_ee_all_TIS_sb_fits": [
        4298.899336283966,
        48.18629135191447
    ],
    "lm_cb_ee_all_TIS_sb_fits": [
        31.863682624451037,
        3.354949412387425
    ]
}