{
    "ncb_ee_all_TOS_sb_fits": [
        469.7474481605684,
        115.69858261112174
    ],
    "npr_ee_all_TOS_sb_fits": [
        393.2355806538858,
        114.94500983124112
    ],
    "mu_cb_ee_all_TOS_sb_fits": [
        4284.294903917056,
        61.97049646167592
    ],
    "lm_cb_ee_all_TOS_sb_fits": [
        31.06372163394607,
        5.801191476185567
    ]
}