{
    "ncb_mm_all_TOS_sb_fits": [
        44.85747724407437,
        23.518098023177362
    ],
    "mu_cb_mm_all_TOS_sb_fits": [
        4116.136539746112,
        90.71617427547419
    ],
    "lm_cb_mm_all_TOS_sb_fits": [
        38.91410377380863,
        6.487602031100163
    ]
}