{
    "ncb_mm_r1_TOS_": [
        586.9648937926338,
        23.906731647826103
    ],
    "mu_cb_mm_r1_TOS_": [
        4162.077210947104,
        31.881513384355213
    ],
    "lm_cb_mm_r1_TOS_": [
        45.22405754002755,
        1.6436993962679194
    ]
}