{
    "a": [
        -154.1552226845331,
        37.971671491992545
    ],
    "b": [
        1892.5777798589213,
        66.70434685954328
    ],
    "npr_ee_all_TOS_sb_fits_4": [
        417.076891488233,
        66.51880955426628
    ],
    "nsg_ee_all_TOS_sb_fits_4": [
        190.52602782704741,
        43.195060012331346
    ],
    "mu_cb_ee_all_TOS_sb_fits_4": [
        4104.529540851393,
        49.25894213860167
    ],
    "lm_cb_ee_all_TOS_sb_fits_4": [
        48.228755733365155,
        3.193983551933752
    ],
    "npr_ee_all_TOS_sb_fits_3": [
        137.42337166262422,
        53.953209237479044
    ],
    "nsg_ee_all_TOS_sb_fits_3": [
        51.16077488518123,
        30.609722208368474
    ],
    "mu_cb_ee_all_TOS_sb_fits_3": [
        4148.658282846201,
        38.13376261565669
    ],
    "lm_cb_ee_all_TOS_sb_fits_3": [
        49.141948792249174,
        2.6510754231467595
    ],
    "npr_ee_all_TOS_sb_fits_2": [
        21.096771904475727,
        42.57319449232468
    ],
    "mu_cb_ee_all_TOS_sb_fits_2": [
        4176.730641400521,
        27.598285929700765
    ],
    "lm_cb_ee_all_TOS_sb_fits_2": [
        47.917183778274755,
        1.6860938816555244
    ],
    "npr_ee_all_TOS_sb_fits_1": [
        0.00046723126823414434,
        0.31649474788925763
    ],
    "mu_cb_ee_all_TOS_sb_fits_1": [
        4152.353557799519,
        27.055944636337742
    ],
    "lm_cb_ee_all_TOS_sb_fits_1": [
        50.37549792373921,
        1.6404167722129859
    ]
}