{
    "ncb_ee_2017_TOS_": [
        548.7693745422044,
        163.4396908862768
    ],
    "npr_ee_2017_TOS_": [
        536.2206576109527,
        163.3272848426762
    ],
    "mu_cb_ee_2017_TOS_": [
        4186.807421958037,
        37.25727791543106
    ],
    "lm_cb_ee_2017_TOS_": [
        45.45225417425309,
        2.3589843867654876
    ]
}