{
    "ncb_ee_all_sb_fits": [
        244.93476691879457,
        127.288689362278
    ],
    "npr_ee_all_sb_fits": [
        366.22479095732257,
        46.404929927597834
    ],
    "mu_cb_ee_all_sb_fits": [
        4139.629091655906,
        134.85472355706167
    ],
    "lm_cb_ee_all_sb_fits": [
        40.66270564254115,
        8.07927197784808
    ],
    "nom_ee_all_sb_fits_dmu_ee_2018_ETOS": [
        -8.42355834377472,
        9.54131114078881
    ],
    "nom_ee_all_sb_fits_ssg_ee_2018_ETOS": [
        1.600982090503194,
        0.2584692436963711
    ]
}