{
    "a": [
        -100.48676070904652,
        78.49599648745976
    ],
    "b": [
        994.5789727300935,
        400.6318129999941
    ],
    "npr_ee_all_TOS_sb_fits_5": [
        418.22765954641756,
        124.45976002443152
    ],
    "mu_cb_ee_all_TOS_sb_fits_5": [
        4264.527359633059,
        64.04530115618964
    ],
    "lm_cb_ee_all_TOS_sb_fits_5": [
        32.659282561386966,
        6.242098004912849
    ]
}