{
    "ncb_ee_all_TOS_sb_fits": [
        1552.7867987649818,
        128.9348875070402
    ],
    "npr_ee_all_TOS_sb_fits": [
        60.973268163026965,
        125.84772939394601
    ],
    "mu_cb_ee_all_TOS_sb_fits": [
        4186.851635977674,
        42.41511511048314
    ],
    "lm_cb_ee_all_TOS_sb_fits": [
        45.75584936491723,
        3.7834225713297744
    ]
}