{
    "ncb_ee_r2p1_TOS_": [
        700.1268949203453,
        206.05613926585465
    ],
    "npr_ee_r2p1_TOS_": [
        915.5157604769352,
        206.2179248105873
    ],
    "mu_cb_ee_r2p1_TOS_": [
        4195.061678212247,
        52.59577891964707
    ],
    "lm_cb_ee_r2p1_TOS_": [
        47.320234024521284,
        2.3994236562823374
    ]
}