{
    "a": [
        -267.9411888416907,
        36.51803541402726
    ],
    "b": [
        1982.573273768502,
        141.3942003817196
    ],
    "npr_ee_all_TOS_sb_fits_5": [
        275.46031205310254,
        70.43898543054797
    ],
    "mu_cb_ee_all_TOS_sb_fits_5": [
        4282.389034607256,
        55.96184325147859
    ],
    "lm_cb_ee_all_TOS_sb_fits_5": [
        30.241566852831617,
        4.981970655292484
    ],
    "npr_ee_all_TOS_sb_fits_4": [
        1017.5451325523667,
        61.279812739947694
    ],
    "mu_cb_ee_all_TOS_sb_fits_4": [
        4197.3936003581985,
        124.36885814610947
    ],
    "lm_cb_ee_all_TOS_sb_fits_4": [
        63.68760202516935,
        9.662919706275526
    ],
    "npr_ee_all_TOS_sb_fits_2": [
        85.86868793135426,
        74.02080558780881
    ],
    "mu_cb_ee_all_TOS_sb_fits_2": [
        4184.941085495058,
        39.64175699790161
    ],
    "lm_cb_ee_all_TOS_sb_fits_2": [
        46.3972653657939,
        4.220463937392808
    ]
}