{
    "ncb_ee_2017_TIS_": [
        253.90006044243813,
        64.88680903452247
    ],
    "npr_ee_2017_TIS_": [
        126.76558230550019,
        64.31193290453456
    ],
    "mu_cb_ee_2017_TIS_": [
        4214.138638502883,
        39.84583694898676
    ],
    "lm_cb_ee_2017_TIS_": [
        46.54442911369128,
        2.261126378163224
    ]
}