{
    "ncb_ee_r1_TOS_": [
        483.3316498959811,
        93.08615884885633
    ],
    "npr_ee_r1_TOS_": [
        164.3449498082079,
        92.00000775980746
    ],
    "mu_cb_ee_r1_TOS_": [
        4194.623924394716,
        32.53382337176356
    ],
    "lm_cb_ee_r1_TOS_": [
        44.77445691663444,
        2.223452348515376
    ]
}