{
    "ncb_ee_all_TOS_sb_fits": [
        57.6500229360119,
        145.42053486749094
    ],
    "npr_ee_all_TOS_sb_fits": [
        792.9959920955068,
        146.8814224766441
    ],
    "mu_cb_ee_all_TOS_sb_fits": [
        4202.856985294634,
        45.4071642882097
    ],
    "lm_cb_ee_all_TOS_sb_fits": [
        45.348406142953806,
        2.373021162928247
    ]
}