{
    "ncb_ee_all_TOS_sb_fits_5": [
        241.59659324036397,
        135.1750801832669
    ],
    "npr_ee_all_TOS_sb_fits_5": [
        366.8877102342255,
        47.33243696690454
    ],
    "mu_cb_ee_all_TOS_sb_fits_5": [
        4139.308600351998,
        154.0603198424301
    ],
    "lm_cb_ee_all_TOS_sb_fits_5": [
        40.657360384575405,
        9.186936516384549
    ],
    "nom_ee_all_TOS_sb_fits_5_dmu_ee_2018_ETOS": [
        -8.32174271552046,
        9.759704720436105
    ],
    "nom_ee_all_TOS_sb_fits_5_ssg_ee_2018_ETOS": [
        1.6228134755192167,
        0.27507666521897084
    ]
}