{
    "ncb_ee_2017_TOS_": [
        520.0603943596152,
        135.05660796548375
    ],
    "npr_ee_2017_TOS_": [
        565.058767179233,
        134.9625593129065
    ]
}