{
    "ncb_ee_r2p1_TOS_": [
        708.2430852717696,
        169.31429493445378
    ],
    "npr_ee_r2p1_TOS_": [
        907.3776643088703,
        169.3730388156576
    ]
}