{
    "a": [
        -101.18705557843398,
        166.42782842930816
    ],
    "b": [
        992.0750198187785,
        842.9977633459015
    ],
    "npr_ee_all_TOS_sb_fits_5": [
        481.15697145127723,
        156.2951157072261
    ],
    "mu_cb_ee_all_TOS_sb_fits_5": [
        4227.8353416759655,
        73.55440907275262
    ],
    "lm_cb_ee_all_TOS_sb_fits_5": [
        36.73146637266064,
        7.777517975126537
    ]
}