{
    "ncb_ee_2018_TOS_": [
        722.9516368446427,
        138.6631287872461
    ],
    "npr_ee_2018_TOS_": [
        349.7976235748166,
        137.81511172680715
    ],
    "mu_cb_ee_2018_TOS_": [
        4176.040011984571,
        32.728602422177765
    ],
    "lm_cb_ee_2018_TOS_": [
        45.99974741267794,
        2.1908237402445594
    ]
}