{
    "ncb_ee_all_TOS_": [
        2534.3130262210207,
        325.6685107227576
    ],
    "npr_ee_all_TOS_": [
        1898.6355527402409,
        325.0194149545467
    ],
    "mu_cb_ee_all_TOS_": [
        4164.821267523243,
        23.879690224539655
    ],
    "lm_cb_ee_all_TOS_": [
        47.33733902850086,
        2.0573466825029287
    ]
}