{
    "ncb_mm_all_TOS_": [
        2056.4928015688415,
        47.565199348554785
    ],
    "mu_cb_mm_all_TOS_": [
        4165.335242196412,
        31.594734888390423
    ],
    "lm_cb_mm_all_TOS_": [
        45.52771996318392,
        1.5564869033589128
    ]
}