{
    "a": [
        -101.93892299737392,
        168.81220539067985
    ],
    "b": [
        987.7776963425628,
        854.5865999908067
    ],
    "npr_ee_all_TOS_sb_fits_5": [
        488.94793124359626,
        152.57381623076722
    ],
    "mu_cb_ee_all_TOS_sb_fits_5": [
        4268.353729655174,
        77.16468995195417
    ],
    "lm_cb_ee_all_TOS_sb_fits_5": [
        32.29077861758605,
        7.539630131976983
    ]
}