{
    "ncb_ee_r2p1_TOS_": [
        700.6381330874408,
        209.77342889562158
    ],
    "npr_ee_r2p1_TOS_": [
        909.8991864024842,
        209.92306003288274
    ],
    "mu_cb_ee_r2p1_TOS_": [
        4193.02527809452,
        51.91414984131218
    ],
    "lm_cb_ee_r2p1_TOS_": [
        47.26855461998916,
        2.399796587311963
    ]
}