{
    "a": [
        -1.3671824246983846,
        83.52575918055432
    ],
    "b": [
        1627.4518266022048,
        152.0312483507331
    ],
    "npr_ee_all_TOS_sb_fits_1": [
        33.24250062617309,
        130.10944651028004
    ],
    "mu_cb_ee_all_TOS_sb_fits_1": [
        4145.779480452399,
        44.523182206877266
    ],
    "lm_cb_ee_all_TOS_sb_fits_1": [
        48.05988224213475,
        4.2241040279917055
    ]
}