{
    "ncb_mm_2017_TOS_": [
        468.5595835100913,
        22.55606037772643
    ],
    "mu_cb_mm_2017_TOS_": [
        4166.86706244171,
        32.11200461256176
    ],
    "lm_cb_mm_2017_TOS_": [
        45.69841718657416,
        1.642689558969694
    ]
}