{
    "ncb_ee_r2p1_TIS_": [
        353.90109030337254,
        86.09239263243106
    ],
    "npr_ee_r2p1_TIS_": [
        145.56253829737526,
        85.4170052511113
    ],
    "mu_cb_ee_r2p1_TIS_": [
        4178.358439262032,
        37.92444184374869
    ],
    "lm_cb_ee_r2p1_TIS_": [
        45.73281878562591,
        2.270023334185113
    ]
}