{
    "ncb_ee_r2p1_TIS_": [
        77.64790626431635,
        66.32157890069819
    ],
    "npr_ee_r2p1_TIS_": [
        152.9057742742822,
        66.63406762196325
    ],
    "mu_cb_ee_r2p1_TIS_": [
        4206.146141720246,
        45.53316212426561
    ],
    "lm_cb_ee_r2p1_TIS_": [
        45.62658349657806,
        2.3496036208990283
    ]
}