{
    "ncb_mm_2018_TOS_": [
        429.18427547537044,
        22.451707215588772
    ],
    "mu_cb_mm_2018_TOS_": [
        4168.322687538234,
        32.18686957804414
    ],
    "lm_cb_mm_2018_TOS_": [
        45.87223352903092,
        1.6383847572653656
    ]
}