{
    "ncb_ee_r2p1_TOS_": [
        700.6211549318534,
        205.71534385225704
    ],
    "npr_ee_r2p1_TOS_": [
        915.153075934447,
        205.8741405003027
    ],
    "mu_cb_ee_r2p1_TOS_": [
        4195.51316629274,
        52.95749763557704
    ],
    "lm_cb_ee_r2p1_TOS_": [
        47.32814578180389,
        2.4041510352162074
    ]
}