{
    "frac1_3Gauss_Jpsi_psi2S_2011_ETOS": {
        "value": 0.608874594198187,
        "hesse": {
            "error": 0.01201123396968285,
            "cl": 0.68268949
        }
    },
    "_frac2_3Gauss_Jpsi_psi2S_2011_ETOS": {
        "value": 0.07835959761799483,
        "hesse": {
            "error": 0.00700177132614061,
            "cl": 0.68268949
        }
    },
    "mu1_3Gauss_Jpsi_psi2S_2011_ETOS": {
        "value": 96.6801256473413,
        "hesse": {
            "error": 0.8901891853657525,
            "cl": 0.68268949
        }
    },
    "sigma1_3Gauss_Jpsi_psi2S_2011_ETOS": {
        "value": 29.051923192895792,
        "hesse": {
            "error": 0.879801438094664,
            "cl": 0.68268949
        }
    },
    "mu2_3Gauss_Jpsi_psi2S_2011_ETOS": {
        "value": 582.0211963874049,
        "hesse": {
            "error": 11.802832505222321,
            "cl": 0.68268949
        }
    },
    "sigma2_3Gauss_Jpsi_psi2S_2011_ETOS": {
        "value": 79.99972760916049,
        "hesse": {
            "error": 0.012464414032991354,
            "cl": 0.68268949
        }
    },
    "mu3_3Gauss_Jpsi_psi2S_2011_ETOS": {
        "value": 223.10014506995736,
        "hesse": {
            "error": 4.009702848591945,
            "cl": 0.68268949
        }
    },
    "sigma3_3Gauss_Jpsi_psi2S_2011_ETOS": {
        "value": 93.67713271592606,
        "hesse": {
            "error": 2.414414458616423,
            "cl": 0.68268949
        }
    }
}