{
    "f_sig_2018_jpsi": {
        "value": 0.010131977633328394,
        "hesse": {
            "error": 0.000332270349080873,
            "cl": 0.68268949
        }
    },
    "B_mass_2018_jpsi": {
        "value": 5279.710689941382,
        "hesse": {
            "error": 0.7663336525522747,
            "cl": 0.68268949
        }
    },
    "sigma_2018_jpsi": {
        "value": 21.174148521018623,
        "hesse": {
            "error": 0.8013056087717294,
            "cl": 0.68268949
        }
    },
    "cmb_mm_mu_2018_jpsi": {
        "value": 3500.004128370096,
        "hesse": {
            "error": 0.13852866990619173,
            "cl": 0.68268949
        }
    },
    "cmb_mm_scale_2018_jpsi": {
        "value": 50.71285972355638,
        "hesse": {
            "error": 6.975591923729564,
            "cl": 0.68268949
        }
    },
    "cmb_mm_a_2018_jpsi": {
        "value": -5.7833339894357465,
        "hesse": {
            "error": 0.21702522571212615,
            "cl": 0.68268949
        }
    },
    "cmb_mm_b_2018_jpsi": {
        "value": 1.5732302023467257,
        "hesse": {
            "error": 0.0055581812298717585,
            "cl": 0.68268949
        }
    }
}