{
    "mu_DSCB_mm_2011_MTOS": {
        "value": 5280.3524218776165,
        "hesse": {
            "error": 0.06897819895051054,
            "cl": 0.68268949
        }
    },
    "sigma_DSCB_mm_2011_MTOS": {
        "value": 16.59072309201788,
        "hesse": {
            "error": 0.07395102392478742,
            "cl": 0.68268949
        }
    },
    "alphal_DSCB_mm_2011_MTOS": {
        "value": 1.657047377789175,
        "hesse": {
            "error": 0.027909253434486275,
            "cl": 0.68268949
        }
    },
    "nl_DSCB_mm_2011_MTOS": {
        "value": 2.0929529013784833,
        "hesse": {
            "error": 0.12365836977887937,
            "cl": 0.68268949
        }
    },
    "alphar_DSCB_mm_2011_MTOS": {
        "value": 1.9018638918053563,
        "hesse": {
            "error": 0.034713121992362074,
            "cl": 0.68268949
        }
    },
    "nr_DSCB_mm_2011_MTOS": {
        "value": 5.372657647861708,
        "hesse": {
            "error": 0.36368073222811254,
            "cl": 0.68268949
        }
    }
}