{
    "frac1_3Gauss_Jpsi_Jpsi_2016_GTIS": {
        "value": 0.05923409411098497,
        "hesse": {
            "error": 0.0046057472614682154,
            "cl": 0.68268949
        }
    },
    "_frac2_3Gauss_Jpsi_Jpsi_2016_GTIS": {
        "value": 0.5407323891645328,
        "hesse": {
            "error": 0.008177034447928633,
            "cl": 0.68268949
        }
    },
    "mu1_3Gauss_Jpsi_Jpsi_2016_GTIS": {
        "value": -187.32197795393782,
        "hesse": {
            "error": 5.53876688741263,
            "cl": 0.68268949
        }
    },
    "sigma1_3Gauss_Jpsi_Jpsi_2016_GTIS": {
        "value": 39.999999322318736,
        "hesse": {
            "error": 0.0009005312475711323,
            "cl": 0.68268949
        }
    },
    "mu2_3Gauss_Jpsi_Jpsi_2016_GTIS": {
        "value": -44.916486216018356,
        "hesse": {
            "error": 1.0449699965080046,
            "cl": 0.68268949
        }
    },
    "sigma2_3Gauss_Jpsi_Jpsi_2016_GTIS": {
        "value": 57.30579531794446,
        "hesse": {
            "error": 1.1411664509074546,
            "cl": 0.68268949
        }
    },
    "mu3_3Gauss_Jpsi_Jpsi_2016_GTIS": {
        "value": -102.37270621019773,
        "hesse": {
            "error": 1.6877912577398901,
            "cl": 0.68268949
        }
    },
    "sigma3_3Gauss_Jpsi_Jpsi_2016_GTIS": {
        "value": 235.819092454146,
        "hesse": {
            "error": 1.7584063213919174,
            "cl": 0.68268949
        }
    }
}