{
    "frac1_3Gauss_Jpsi_Jpsi_2017_ETOS": {
        "value": 0.3051531369228483,
        "hesse": {
            "error": 0.007451560285507588,
            "cl": 0.68268949
        }
    },
    "_frac2_3Gauss_Jpsi_Jpsi_2017_ETOS": {
        "value": 0.5783622303719452,
        "hesse": {
            "error": 0.008366187080628399,
            "cl": 0.68268949
        }
    },
    "mu1_3Gauss_Jpsi_Jpsi_2017_ETOS": {
        "value": -27.83772316099814,
        "hesse": {
            "error": 0.44386394559726744,
            "cl": 0.68268949
        }
    },
    "sigma1_3Gauss_Jpsi_Jpsi_2017_ETOS": {
        "value": 29.63879207179573,
        "hesse": {
            "error": 0.6892792809876361,
            "cl": 0.68268949
        }
    },
    "mu2_3Gauss_Jpsi_Jpsi_2017_ETOS": {
        "value": -66.88621566125109,
        "hesse": {
            "error": 1.1301156151713878,
            "cl": 0.68268949
        }
    },
    "sigma2_3Gauss_Jpsi_Jpsi_2017_ETOS": {
        "value": 79.99970750110346,
        "hesse": {
            "error": 0.01658879225666157,
            "cl": 0.68268949
        }
    },
    "mu3_3Gauss_Jpsi_Jpsi_2017_ETOS": {
        "value": -109.04537130134685,
        "hesse": {
            "error": 1.5937707187618981,
            "cl": 0.68268949
        }
    },
    "sigma3_3Gauss_Jpsi_Jpsi_2017_ETOS": {
        "value": 213.68371982570415,
        "hesse": {
            "error": 1.365111217161776,
            "cl": 0.68268949
        }
    }
}