{
    "frac1_3Gauss_Jpsi_psi2S_2016_ETOS": {
        "value": 0.48297298274316275,
        "hesse": {
            "error": 0.012754923222480636,
            "cl": 0.68268949
        }
    },
    "_frac2_3Gauss_Jpsi_psi2S_2016_ETOS": {
        "value": 0.7201692353603729,
        "hesse": {
            "error": 0.013504606242773248,
            "cl": 0.68268949
        }
    },
    "mu1_3Gauss_Jpsi_psi2S_2016_ETOS": {
        "value": 87.73757062356725,
        "hesse": {
            "error": 0.8029028568532552,
            "cl": 0.68268949
        }
    },
    "sigma1_3Gauss_Jpsi_psi2S_2016_ETOS": {
        "value": 21.712026247863278,
        "hesse": {
            "error": 0.8390916715547149,
            "cl": 0.68268949
        }
    },
    "mu2_3Gauss_Jpsi_psi2S_2016_ETOS": {
        "value": 177.22191571517195,
        "hesse": {
            "error": 3.063801668535818,
            "cl": 0.68268949
        }
    },
    "sigma2_3Gauss_Jpsi_psi2S_2016_ETOS": {
        "value": 62.93366943399817,
        "hesse": {
            "error": 1.7277331034091077,
            "cl": 0.68268949
        }
    },
    "mu3_3Gauss_Jpsi_psi2S_2016_ETOS": {
        "value": 367.27328129985443,
        "hesse": {
            "error": 7.931382772477536,
            "cl": 0.68268949
        }
    },
    "sigma3_3Gauss_Jpsi_psi2S_2016_ETOS": {
        "value": 164.54882296222777,
        "hesse": {
            "error": 3.272532344449437,
            "cl": 0.68268949
        }
    }
}