{
    "f_sig_2015_psi2": {
        "value": 0.015005300681185605,
        "hesse": {
            "error": 0.005427733755744301,
            "cl": 0.68268949
        }
    },
    "B_mass_2015_psi2": {
        "value": 5278.898808871571,
        "hesse": {
            "error": 23.72139267623462,
            "cl": 0.68268949
        }
    },
    "sigma_2015_psi2": {
        "value": 49.99992689194641,
        "hesse": {
            "error": 0.22280404046306973,
            "cl": 0.68268949
        }
    },
    "cmb_mm_mu_2015_psi2": {
        "value": 4169.201683751149,
        "hesse": {
            "error": 25.78347042189521,
            "cl": 0.68268949
        }
    },
    "cmb_mm_scale_2015_psi2": {
        "value": 99.42032419533591,
        "hesse": {
            "error": 8.657261981883451,
            "cl": 0.68268949
        }
    },
    "cmb_mm_a_2015_psi2": {
        "value": -3.4214442890306724,
        "hesse": {
            "error": 0.2760980843037621,
            "cl": 0.68268949
        }
    },
    "cmb_mm_b_2015_psi2": {
        "value": 1.1548534117510167,
        "hesse": {
            "error": 0.08441896756748232,
            "cl": 0.68268949
        }
    }
}