{
    "mu_DSCB_1_r2p1_ETOS": {
        "value": 5245.2607353790645,
        "hesse": {
            "error": NaN,
            "cl": 0.68268949
        }
    },
    "sigma_DSCB_1_r2p1_ETOS": {
        "value": 54.353920803613484,
        "hesse": {
            "error": NaN,
            "cl": 0.68268949
        }
    },
    "alphal_DSCB_1_r2p1_ETOS": {
        "value": 0.6266146557511786,
        "hesse": {
            "error": NaN,
            "cl": 0.68268949
        }
    },
    "nl_DSCB_1_r2p1_ETOS": {
        "value": 131.21629683616928,
        "hesse": {
            "error": NaN,
            "cl": 0.68268949
        }
    },
    "alphar_DSCB_1_r2p1_ETOS": {
        "value": 1.146824406448014,
        "hesse": {
            "error": NaN,
            "cl": 0.68268949
        }
    },
    "nr_DSCB_1_r2p1_ETOS": {
        "value": 3.8141632338436806,
        "hesse": {
            "error": NaN,
            "cl": 0.68268949
        }
    }
}