{
    "correction_right_CB_mu_psi2S_high_2011_GTIS": {
        "value": 305.1431750270065,
        "hesse": {
            "error": 18.30661670743432,
            "cl": 0.68268949
        }
    },
    "correction_right_CB_sigma_psi2S_high_2011_GTIS": {
        "value": 36.285213483463046,
        "hesse": {
            "error": 12.803352832968027,
            "cl": 0.68268949
        }
    },
    "correction_right_CB_alpha_psi2S_high_2011_GTIS": {
        "value": -0.27153134584101096,
        "hesse": {
            "error": 0.14009427446656092,
            "cl": 0.68268949
        }
    },
    "correction_right_CB_n_psi2S_high_2011_GTIS": {
        "value": 5.330542048345464,
        "hesse": {
            "error": 4.489088859739006,
            "cl": 0.68268949
        }
    }
}