{
    "frac1_3Gauss_psi2S_psi2S_2016_ETOS": {
        "value": 0.21462385275445775,
        "hesse": {
            "error": 0.014155321249404176,
            "cl": 0.68268949
        }
    },
    "_frac2_3Gauss_psi2S_psi2S_2016_ETOS": {
        "value": 0.46952057868523533,
        "hesse": {
            "error": 0.0104781137622722,
            "cl": 0.68268949
        }
    },
    "mu1_3Gauss_psi2S_psi2S_2016_ETOS": {
        "value": -26.016953248726704,
        "hesse": {
            "error": 0.832313278677899,
            "cl": 0.68268949
        }
    },
    "sigma1_3Gauss_psi2S_psi2S_2016_ETOS": {
        "value": 26.40390680445459,
        "hesse": {
            "error": 1.3265624631206727,
            "cl": 0.68268949
        }
    },
    "mu2_3Gauss_psi2S_psi2S_2016_ETOS": {
        "value": -60.123157219519726,
        "hesse": {
            "error": 1.6631042972799337,
            "cl": 0.68268949
        }
    },
    "sigma2_3Gauss_psi2S_psi2S_2016_ETOS": {
        "value": 67.09724507327951,
        "hesse": {
            "error": 1.5057592739023573,
            "cl": 0.68268949
        }
    },
    "mu3_3Gauss_psi2S_psi2S_2016_ETOS": {
        "value": -107.33343044166847,
        "hesse": {
            "error": 1.2054524540133595,
            "cl": 0.68268949
        }
    },
    "sigma3_3Gauss_psi2S_psi2S_2016_ETOS": {
        "value": 178.32945668624328,
        "hesse": {
            "error": 1.135420349646437,
            "cl": 0.68268949
        }
    }
}