{
    "mu_CB_ee_0_2018_ETOS": {
        "value": 5239.15987890027,
        "hesse": {
            "error": 1.7280954312374825,
            "cl": 0.68268949
        }
    },
    "sigma_CB_ee_0_2018_ETOS": {
        "value": 32.73264764888034,
        "hesse": {
            "error": 1.1437981492937044,
            "cl": 0.68268949
        }
    },
    "alpha_CB_ee_0_2018_ETOS": {
        "value": 0.39733762905950604,
        "hesse": {
            "error": 0.017387179924468227,
            "cl": 0.68268949
        }
    },
    "n_CB_ee_0_2018_ETOS": {
        "value": 9.999999782923839,
        "hesse": {
            "error": 0.00031643332030324836,
            "cl": 0.68268949
        }
    }
}