{
    "frac1_3Gauss_psi2S_high_2015_GTIS": {
        "value": 0.2678889070327915,
        "hesse": {
            "error": 0.044253244471815376,
            "cl": 0.68268949
        }
    },
    "_frac2_3Gauss_psi2S_high_2015_GTIS": {
        "value": 0.5774189824434863,
        "hesse": {
            "error": 0.06173212219715366,
            "cl": 0.68268949
        }
    },
    "mu1_3Gauss_psi2S_high_2015_GTIS": {
        "value": 446.3537024268205,
        "hesse": {
            "error": 12.06632648654597,
            "cl": 0.68268949
        }
    },
    "sigma1_3Gauss_psi2S_high_2015_GTIS": {
        "value": 39.999995592107176,
        "hesse": {
            "error": 0.009550900131348994,
            "cl": 0.68268949
        }
    },
    "mu2_3Gauss_psi2S_high_2015_GTIS": {
        "value": 314.7494721565389,
        "hesse": {
            "error": 7.2633768040472155,
            "cl": 0.68268949
        }
    },
    "sigma2_3Gauss_psi2S_high_2015_GTIS": {
        "value": 40.26256851903912,
        "hesse": {
            "error": 5.34117854988779,
            "cl": 0.68268949
        }
    },
    "mu3_3Gauss_psi2S_high_2015_GTIS": {
        "value": 645.3699340441351,
        "hesse": {
            "error": 35.00275519509937,
            "cl": 0.68268949
        }
    },
    "sigma3_3Gauss_psi2S_high_2015_GTIS": {
        "value": 158.4058853658653,
        "hesse": {
            "error": 18.87982459587085,
            "cl": 0.68268949
        }
    }
}