{
    "frac1_2Gauss_mm_2018_MTOS": {
        "value": 0.87148008613278,
        "hesse": {
            "error": 0.0029937800770722263,
            "cl": 0.68268949
        }
    },
    "mu1_2Gauss_mm_2018_MTOS": {
        "value": 5281.185172240913,
        "hesse": {
            "error": 0.04933148782969813,
            "cl": 0.68268949
        }
    },
    "sigma1_2Gauss_mm_2018_MTOS": {
        "value": 16.123922376219365,
        "hesse": {
            "error": 0.05498273832131231,
            "cl": 0.68268949
        }
    },
    "mu2_2Gauss_mm_2018_MTOS": {
        "value": 5260.793715589272,
        "hesse": {
            "error": 0.6346710469511172,
            "cl": 0.68268949
        }
    },
    "sigma2_2Gauss_mm_2018_MTOS": {
        "value": 44.58162336244722,
        "hesse": {
            "error": 0.509954162590095,
            "cl": 0.68268949
        }
    }
}