{
    "frac1_3Gauss_psi2S_psi2S_2011_GTIS": {
        "value": 0.1572821172396999,
        "hesse": {
            "error": 0.06024486066166622,
            "cl": 0.68268949
        }
    },
    "_frac2_3Gauss_psi2S_psi2S_2011_GTIS": {
        "value": 0.3904261541424128,
        "hesse": {
            "error": 0.04501278029316511,
            "cl": 0.68268949
        }
    },
    "mu1_3Gauss_psi2S_psi2S_2011_GTIS": {
        "value": -35.12794743798054,
        "hesse": {
            "error": 3.6809947968998213,
            "cl": 0.68268949
        }
    },
    "sigma1_3Gauss_psi2S_psi2S_2011_GTIS": {
        "value": 30.309130079241918,
        "hesse": {
            "error": 7.6548406233311095,
            "cl": 0.68268949
        }
    },
    "mu2_3Gauss_psi2S_psi2S_2011_GTIS": {
        "value": -64.25278146386086,
        "hesse": {
            "error": 7.494534994742377,
            "cl": 0.68268949
        }
    },
    "sigma2_3Gauss_psi2S_psi2S_2011_GTIS": {
        "value": 71.73054316845426,
        "hesse": {
            "error": 6.202054511590887,
            "cl": 0.68268949
        }
    },
    "mu3_3Gauss_psi2S_psi2S_2011_GTIS": {
        "value": -106.9676142269959,
        "hesse": {
            "error": 3.7866934205959795,
            "cl": 0.68268949
        }
    },
    "sigma3_3Gauss_psi2S_psi2S_2011_GTIS": {
        "value": 189.7408253773999,
        "hesse": {
            "error": 3.570051663613928,
            "cl": 0.68268949
        }
    }
}