{
    "frac1_2Gauss_mm_r2p1_MTOS": {
        "value": 0.8800221419737786,
        "hesse": {
            "error": 0.005496487296203222,
            "cl": 0.68268949
        }
    },
    "mu1_2Gauss_mm_r2p1_MTOS": {
        "value": 5281.034683492168,
        "hesse": {
            "error": 0.031718829917951656,
            "cl": 0.68268949
        }
    },
    "sigma1_2Gauss_mm_r2p1_MTOS": {
        "value": 16.21976454012323,
        "hesse": {
            "error": 0.08804995054973618,
            "cl": 0.68268949
        }
    },
    "mu2_2Gauss_mm_r2p1_MTOS": {
        "value": 5259.365395062972,
        "hesse": {
            "error": 1.241862355147673,
            "cl": 0.68268949
        }
    },
    "sigma2_2Gauss_mm_r2p1_MTOS": {
        "value": 46.69608656303517,
        "hesse": {
            "error": 1.2981672216825964,
            "cl": 0.68268949
        }
    }
}