{
    "frac1_3Gauss_psi2S_Jpsi_2012_GTIS": {
        "value": 0.5540928841898431,
        "hesse": {
            "error": 0.012074595468017183,
            "cl": 0.68268949
        }
    },
    "_frac2_3Gauss_psi2S_Jpsi_2012_GTIS": {
        "value": 0.06799985899431973,
        "hesse": {
            "error": 0.005512547478863586,
            "cl": 0.68268949
        }
    },
    "mu1_3Gauss_psi2S_Jpsi_2012_GTIS": {
        "value": -143.799035713735,
        "hesse": {
            "error": 1.2250837921649387,
            "cl": 0.68268949
        }
    },
    "sigma1_3Gauss_psi2S_Jpsi_2012_GTIS": {
        "value": 34.58665609599803,
        "hesse": {
            "error": 1.1408726758518362,
            "cl": 0.68268949
        }
    },
    "mu2_3Gauss_psi2S_Jpsi_2012_GTIS": {
        "value": -799.9998997539107,
        "hesse": {
            "error": 0.046804510607081656,
            "cl": 0.68268949
        }
    },
    "sigma2_3Gauss_psi2S_Jpsi_2012_GTIS": {
        "value": 79.99999897389834,
        "hesse": {
            "error": 0.0008532872590630955,
            "cl": 0.68268949
        }
    },
    "mu3_3Gauss_psi2S_Jpsi_2012_GTIS": {
        "value": -323.6913133023967,
        "hesse": {
            "error": 4.4274792091867585,
            "cl": 0.68268949
        }
    },
    "sigma3_3Gauss_psi2S_Jpsi_2012_GTIS": {
        "value": 126.14712522407136,
        "hesse": {
            "error": 2.4103587822526915,
            "cl": 0.68268949
        }
    }
}