{
    "correction_DSCB_mu_Jpsi_psi2S_2012_ETOS": {
        "value": 59.75064310299487,
        "hesse": {
            "error": 3.531367757101153,
            "cl": 0.68268949
        }
    },
    "correction_DSCB_sigma_Jpsi_psi2S_2012_ETOS": {
        "value": 1.910899712775461,
        "hesse": {
            "error": 1.6951768561380258,
            "cl": 0.68268949
        }
    },
    "correction_DSCB_al_Jpsi_psi2S_2012_ETOS": {
        "value": 4.502556263044186,
        "hesse": {
            "error": 5.339118684849906,
            "cl": 0.68268949
        }
    },
    "correction_DSCB_nl_Jpsi_psi2S_2012_ETOS": {
        "value": 2.6982137461830162,
        "hesse": {
            "error": 125.964439621962,
            "cl": 0.68268949
        }
    },
    "correction_DSCB_ar_Jpsi_psi2S_2012_ETOS": {
        "value": 0.028383163134935194,
        "hesse": {
            "error": 0.024983221864584206,
            "cl": 0.68268949
        }
    },
    "correction_DSCB_nr_Jpsi_psi2S_2012_ETOS": {
        "value": 5.719811280063815,
        "hesse": {
            "error": 0.5281297929215836,
            "cl": 0.68268949
        }
    }
}