{
    "correction_right_CB_mu_psi2S_high_2012_ETOS": {
        "value": 297.00755671720003,
        "hesse": {
            "error": 9.08326909711669,
            "cl": 0.68268949
        }
    },
    "correction_right_CB_sigma_psi2S_high_2012_ETOS": {
        "value": 33.214377324379896,
        "hesse": {
            "error": 6.874370608609967,
            "cl": 0.68268949
        }
    },
    "correction_right_CB_alpha_psi2S_high_2012_ETOS": {
        "value": -0.2421019018567265,
        "hesse": {
            "error": 0.06191600055859317,
            "cl": 0.68268949
        }
    },
    "correction_right_CB_n_psi2S_high_2012_ETOS": {
        "value": 29.9221644089825,
        "hesse": {
            "error": 48.96558223335589,
            "cl": 0.68268949
        }
    }
}