{
    "frac1_3Gauss_Jpsi_psi2S_2012_ETOS": {
        "value": 0.4638694048533769,
        "hesse": {
            "error": 0.017107466702531007,
            "cl": 0.68268949
        }
    },
    "_frac2_3Gauss_Jpsi_psi2S_2012_ETOS": {
        "value": 0.7276887247628767,
        "hesse": {
            "error": 0.01697543340829249,
            "cl": 0.68268949
        }
    },
    "mu1_3Gauss_Jpsi_psi2S_2012_ETOS": {
        "value": 84.83996375072515,
        "hesse": {
            "error": 0.9960519569921114,
            "cl": 0.68268949
        }
    },
    "sigma1_3Gauss_Jpsi_psi2S_2012_ETOS": {
        "value": 17.35125959720349,
        "hesse": {
            "error": 1.170644662552315,
            "cl": 0.68268949
        }
    },
    "mu2_3Gauss_Jpsi_psi2S_2012_ETOS": {
        "value": 167.25057624131338,
        "hesse": {
            "error": 3.4552220886031715,
            "cl": 0.68268949
        }
    },
    "sigma2_3Gauss_Jpsi_psi2S_2012_ETOS": {
        "value": 56.39767622275331,
        "hesse": {
            "error": 1.946869874908398,
            "cl": 0.68268949
        }
    },
    "mu3_3Gauss_Jpsi_psi2S_2012_ETOS": {
        "value": 350.5945301101422,
        "hesse": {
            "error": 9.727565971374073,
            "cl": 0.68268949
        }
    },
    "sigma3_3Gauss_Jpsi_psi2S_2012_ETOS": {
        "value": 154.1095651573364,
        "hesse": {
            "error": 4.231068520516802,
            "cl": 0.68268949
        }
    }
}