{
    "frac1_3Gauss_psi2S_psi2S_2017_ETOS": {
        "value": 0.1952462424046144,
        "hesse": {
            "error": 0.014093464570031413,
            "cl": 0.68268949
        }
    },
    "_frac2_3Gauss_psi2S_psi2S_2017_ETOS": {
        "value": 0.4716606759102764,
        "hesse": {
            "error": 0.010042794526612558,
            "cl": 0.68268949
        }
    },
    "mu1_3Gauss_psi2S_psi2S_2017_ETOS": {
        "value": -26.048333491801422,
        "hesse": {
            "error": 0.8924520537975862,
            "cl": 0.68268949
        }
    },
    "sigma1_3Gauss_psi2S_psi2S_2017_ETOS": {
        "value": 24.334378964834457,
        "hesse": {
            "error": 1.4364600793034623,
            "cl": 0.68268949
        }
    },
    "mu2_3Gauss_psi2S_psi2S_2017_ETOS": {
        "value": -58.04917818021069,
        "hesse": {
            "error": 1.5344365624581031,
            "cl": 0.68268949
        }
    },
    "sigma2_3Gauss_psi2S_psi2S_2017_ETOS": {
        "value": 65.29598241439308,
        "hesse": {
            "error": 1.5326886371203157,
            "cl": 0.68268949
        }
    },
    "mu3_3Gauss_psi2S_psi2S_2017_ETOS": {
        "value": -110.16658189470363,
        "hesse": {
            "error": 1.2502333699651151,
            "cl": 0.68268949
        }
    },
    "sigma3_3Gauss_psi2S_psi2S_2017_ETOS": {
        "value": 177.3458182409721,
        "hesse": {
            "error": 1.1405402256956447,
            "cl": 0.68268949
        }
    }
}