{
    "mu_DSCB_1_2015_ETOS": {
        "value": 5250.468074031482,
        "hesse": {
            "error": 1.748552730742187,
            "cl": 0.68268949
        }
    },
    "sigma_DSCB_1_2015_ETOS": {
        "value": 50.29723827617907,
        "hesse": {
            "error": 2.5974275023474354,
            "cl": 0.68268949
        }
    },
    "alphal_DSCB_1_2015_ETOS": {
        "value": 0.5533707690106358,
        "hesse": {
            "error": 0.033139953023258575,
            "cl": 0.68268949
        }
    },
    "nl_DSCB_1_2015_ETOS": {
        "value": 128.43198897906524,
        "hesse": {
            "error": 60.10008234261627,
            "cl": 0.68268949
        }
    },
    "alphar_DSCB_1_2015_ETOS": {
        "value": 1.1738190219227447,
        "hesse": {
            "error": 0.0806282690512016,
            "cl": 0.68268949
        }
    },
    "nr_DSCB_1_2015_ETOS": {
        "value": 3.101629472155277,
        "hesse": {
            "error": 0.35590685682999385,
            "cl": 0.68268949
        }
    }
}