{
    "correction_right_CB_mu_psi2S_high_2017_GTIS": {
        "value": 329.459591927847,
        "hesse": {
            "error": 9.424573350419598,
            "cl": 0.68268949
        }
    },
    "correction_right_CB_sigma_psi2S_high_2017_GTIS": {
        "value": 51.268582438001275,
        "hesse": {
            "error": 6.596690878163679,
            "cl": 0.68268949
        }
    },
    "correction_right_CB_alpha_psi2S_high_2017_GTIS": {
        "value": -0.2738106183806753,
        "hesse": {
            "error": 0.04113957386588677,
            "cl": 0.68268949
        }
    },
    "correction_right_CB_n_psi2S_high_2017_GTIS": {
        "value": 109.99825666676047,
        "hesse": {
            "error": 1.8220908753327367,
            "cl": 0.68268949
        }
    }
}