{
    "mu_DSCB_mm_2016_MTOS": {
        "value": 5280.98845694244,
        "hesse": {
            "error": 0.05020204960536935,
            "cl": 0.68268949
        }
    },
    "sigma_DSCB_mm_2016_MTOS": {
        "value": 16.468159713144512,
        "hesse": {
            "error": 0.05382892464897347,
            "cl": 0.68268949
        }
    },
    "alphal_DSCB_mm_2016_MTOS": {
        "value": 1.5679877397118216,
        "hesse": {
            "error": 0.01934293608199022,
            "cl": 0.68268949
        }
    },
    "nl_DSCB_mm_2016_MTOS": {
        "value": 2.4494170061228258,
        "hesse": {
            "error": 0.10239658358174808,
            "cl": 0.68268949
        }
    },
    "alphar_DSCB_mm_2016_MTOS": {
        "value": 1.9603621449095139,
        "hesse": {
            "error": 0.026404511749879532,
            "cl": 0.68268949
        }
    },
    "nr_DSCB_mm_2016_MTOS": {
        "value": 5.034745104662469,
        "hesse": {
            "error": 0.24604803660097288,
            "cl": 0.68268949
        }
    }
}