{
    "mu_DSCB_1_r1_GTIS": {
        "value": 5229.451446564472,
        "hesse": {
            "error": 2.373823506176765,
            "cl": 0.68268949
        }
    },
    "sigma_DSCB_1_r1_GTIS": {
        "value": 73.11955233967396,
        "hesse": {
            "error": 5.581524700804961,
            "cl": 0.68268949
        }
    },
    "alphal_DSCB_1_r1_GTIS": {
        "value": 0.9744145424411484,
        "hesse": {
            "error": 0.11735675288414138,
            "cl": 0.68268949
        }
    },
    "nl_DSCB_1_r1_GTIS": {
        "value": 24.977447473302163,
        "hesse": {
            "error": 3.8650797719861654,
            "cl": 0.68268949
        }
    },
    "alphar_DSCB_1_r1_GTIS": {
        "value": 1.308090860164051,
        "hesse": {
            "error": 0.1216296273597446,
            "cl": 0.68268949
        }
    },
    "nr_DSCB_1_r1_GTIS": {
        "value": 2.798512234445827,
        "hesse": {
            "error": 0.5575507647180699,
            "cl": 0.68268949
        }
    }
}