{
    "frac1_3Gauss_ee_1_r1_GTIS": {
        "value": 0.5151489299700581,
        "hesse": {
            "error": 0.27802542824296633,
            "cl": 0.68268949
        }
    },
    "_frac2_3Gauss_ee_1_r1_GTIS": {
        "value": 0.666386618116083,
        "hesse": {
            "error": 0.4230520749589352,
            "cl": 0.68268949
        }
    },
    "mu1_3Gauss_ee_1_r1_GTIS": {
        "value": 5237.621738773609,
        "hesse": {
            "error": 10.022317623018703,
            "cl": 0.68268949
        }
    },
    "sigma1_3Gauss_ee_1_r1_GTIS": {
        "value": 60.15713809706397,
        "hesse": {
            "error": 14.458711373120805,
            "cl": 0.68268949
        }
    },
    "mu2_3Gauss_ee_1_r1_GTIS": {
        "value": 5172.145820525008,
        "hesse": {
            "error": 82.78769197812662,
            "cl": 0.68268949
        }
    },
    "sigma2_3Gauss_ee_1_r1_GTIS": {
        "value": 116.53754176443731,
        "hesse": {
            "error": 44.5214556499615,
            "cl": 0.68268949
        }
    },
    "mu3_3Gauss_ee_1_r1_GTIS": {
        "value": 5350.757841598537,
        "hesse": {
            "error": 127.74196398398222,
            "cl": 0.68268949
        }
    },
    "sigma3_3Gauss_ee_1_r1_GTIS": {
        "value": 206.35592556068767,
        "hesse": {
            "error": 34.20496154934133,
            "cl": 0.68268949
        }
    }
}