{
    "frac1_3Gauss_ee_2_2018_ETOS": {
        "value": 0.5205052351155627,
        "hesse": {
            "error": 0.02067007518763182,
            "cl": 0.68268949
        }
    },
    "_frac2_3Gauss_ee_2_2018_ETOS": {
        "value": 0.7991905602531405,
        "hesse": {
            "error": 0.044245432932140095,
            "cl": 0.68268949
        }
    },
    "mu1_3Gauss_ee_2_2018_ETOS": {
        "value": 5266.689252961494,
        "hesse": {
            "error": 1.588971844768129,
            "cl": 0.68268949
        }
    },
    "sigma1_3Gauss_ee_2_2018_ETOS": {
        "value": 62.191501216673835,
        "hesse": {
            "error": 1.8666463557692923,
            "cl": 0.68268949
        }
    },
    "mu2_3Gauss_ee_2_2018_ETOS": {
        "value": 5291.50001464913,
        "hesse": {
            "error": 5.061489411205543,
            "cl": 0.68268949
        }
    },
    "sigma2_3Gauss_ee_2_2018_ETOS": {
        "value": 149.99094123091254,
        "hesse": {
            "error": 1.1461785257023773,
            "cl": 0.68268949
        }
    },
    "mu3_3Gauss_ee_2_2018_ETOS": {
        "value": 5424.105371842022,
        "hesse": {
            "error": 26.686054172961036,
            "cl": 0.68268949
        }
    },
    "sigma3_3Gauss_ee_2_2018_ETOS": {
        "value": 272.35178795731065,
        "hesse": {
            "error": 18.332301493835423,
            "cl": 0.68268949
        }
    }
}