{
    "f_sig_2016_jpsi": {
        "value": 0.009701533954792903,
        "hesse": {
            "error": 0.0003503989807027749,
            "cl": 0.68268949
        }
    },
    "B_mass_2016_jpsi": {
        "value": 5276.955683139218,
        "hesse": {
            "error": 0.7921898064582423,
            "cl": 0.68268949
        }
    },
    "sigma_2016_jpsi": {
        "value": 21.381706829594066,
        "hesse": {
            "error": 0.9562747564026796,
            "cl": 0.68268949
        }
    },
    "cmb_mm_mu_2016_jpsi": {
        "value": 3500.1273474869595,
        "hesse": {
            "error": 0.8774039095021151,
            "cl": 0.68268949
        }
    },
    "cmb_mm_scale_2016_jpsi": {
        "value": 93.1657544112875,
        "hesse": {
            "error": 1.9183623105139807,
            "cl": 0.68268949
        }
    },
    "cmb_mm_a_2016_jpsi": {
        "value": -4.67609382664303,
        "hesse": {
            "error": 0.025185088875589158,
            "cl": 0.68268949
        }
    },
    "cmb_mm_b_2016_jpsi": {
        "value": 1.5264379496745337,
        "hesse": {
            "error": 0.0047727565553742305,
            "cl": 0.68268949
        }
    }
}