{
    "mu_DSCB_2_r2p1_GTIS": {
        "value": 5258.903751640539,
        "hesse": {
            "error": 2.863541566506372,
            "cl": 0.68268949
        }
    },
    "sigma_DSCB_2_r2p1_GTIS": {
        "value": 90.97143708830397,
        "hesse": {
            "error": 5.9381608313677505,
            "cl": 0.68268949
        }
    },
    "alphal_DSCB_2_r2p1_GTIS": {
        "value": 1.1502064552665148,
        "hesse": {
            "error": 0.09280328688662622,
            "cl": 0.68268949
        }
    },
    "nl_DSCB_2_r2p1_GTIS": {
        "value": 27.60418651964353,
        "hesse": {
            "error": 10.297826188498236,
            "cl": 0.68268949
        }
    },
    "alphar_DSCB_2_r2p1_GTIS": {
        "value": 0.7783584877595403,
        "hesse": {
            "error": 0.1108349059648708,
            "cl": 0.68268949
        }
    },
    "nr_DSCB_2_r2p1_GTIS": {
        "value": 4.312065004159172,
        "hesse": {
            "error": 1.5481298904287433,
            "cl": 0.68268949
        }
    }
}