{
    "f0": 0.18210566709106937,
    "f1": 0.49688850313253147,
    "f2": 0.32100582977639913
}