{
    "f0": 0.11422527763088314,
    "f1": 0.4780539397144368,
    "f2": 0.40772078265468004
}