{
    "ncb_ee_r1_TIS_": [
        174.12165640607807,
        39.09747076466331
    ],
    "npr_ee_r1_TIS_": [
        26.932889661126943,
        37.99990536861209
    ],
    "mu_cb_ee_r1_TIS_": [
        4211.634705627585,
        40.809647795044846
    ],
    "lm_cb_ee_r1_TIS_": [
        46.77185704224781,
        2.2455500690323285
    ]
}