{
    "f_sig_2012_jpsi": {
        "value": 0.01571054235980096,
        "hesse": {
            "error": 0.0004860241071203327,
            "cl": 0.68268949
        }
    },
    "B_mass_2012_jpsi": {
        "value": 5283.281970370056,
        "hesse": {
            "error": 0.6955113436348657,
            "cl": 0.68268949
        }
    },
    "sigma_2012_jpsi": {
        "value": 20.212077465658485,
        "hesse": {
            "error": 0.7110478463263783,
            "cl": 0.68268949
        }
    },
    "cmb_mm_mu_2012_jpsi": {
        "value": 3500.002828859807,
        "hesse": {
            "error": 0.1305146115146461,
            "cl": 0.68268949
        }
    },
    "cmb_mm_scale_2012_jpsi": {
        "value": 99.503570796073,
        "hesse": {
            "error": 3.1605862573270294,
            "cl": 0.68268949
        }
    },
    "cmb_mm_a_2012_jpsi": {
        "value": -4.683363891226138,
        "hesse": {
            "error": 0.05670912339711196,
            "cl": 0.68268949
        }
    },
    "cmb_mm_b_2012_jpsi": {
        "value": 1.6020970288483767,
        "hesse": {
            "error": 0.008200528924816805,
            "cl": 0.68268949
        }
    }
}