{
    "frac1_3Gauss_ee_1_2018_ETOS": {
        "value": 0.5224663674493062,
        "hesse": {
            "error": 0.01981529929929019,
            "cl": 0.68268949
        }
    },
    "_frac2_3Gauss_ee_1_2018_ETOS": {
        "value": 0.8282574175693231,
        "hesse": {
            "error": 0.04419523518382476,
            "cl": 0.68268949
        }
    },
    "mu1_3Gauss_ee_1_2018_ETOS": {
        "value": 5244.706429518017,
        "hesse": {
            "error": 1.2659317275875759,
            "cl": 0.68268949
        }
    },
    "sigma1_3Gauss_ee_1_2018_ETOS": {
        "value": 51.653341471307606,
        "hesse": {
            "error": 1.396071602295749,
            "cl": 0.68268949
        }
    },
    "mu2_3Gauss_ee_1_2018_ETOS": {
        "value": 5184.861592238497,
        "hesse": {
            "error": 4.79945958506796,
            "cl": 0.68268949
        }
    },
    "sigma2_3Gauss_ee_1_2018_ETOS": {
        "value": 132.86257223771568,
        "hesse": {
            "error": 5.634490213985994,
            "cl": 0.68268949
        }
    },
    "mu3_3Gauss_ee_1_2018_ETOS": {
        "value": 5338.617757753947,
        "hesse": {
            "error": 36.52029946509917,
            "cl": 0.68268949
        }
    },
    "sigma3_3Gauss_ee_1_2018_ETOS": {
        "value": 238.23921530911005,
        "hesse": {
            "error": 10.606580192563488,
            "cl": 0.68268949
        }
    }
}