{
    "frac1_3Gauss_Jpsi_Jpsi_2012_ETOS": {
        "value": 0.2917163407823193,
        "hesse": {
            "error": 0.00716442151758674,
            "cl": 0.68268949
        }
    },
    "_frac2_3Gauss_Jpsi_Jpsi_2012_ETOS": {
        "value": 0.5925353718476143,
        "hesse": {
            "error": 0.00796053057584377,
            "cl": 0.68268949
        }
    },
    "mu1_3Gauss_Jpsi_Jpsi_2012_ETOS": {
        "value": -25.789390512332865,
        "hesse": {
            "error": 0.44905342005472837,
            "cl": 0.68268949
        }
    },
    "sigma1_3Gauss_Jpsi_Jpsi_2012_ETOS": {
        "value": 28.095268882025074,
        "hesse": {
            "error": 0.7262913430196577,
            "cl": 0.68268949
        }
    },
    "mu2_3Gauss_Jpsi_Jpsi_2012_ETOS": {
        "value": -63.32730285537353,
        "hesse": {
            "error": 1.026585285027112,
            "cl": 0.68268949
        }
    },
    "sigma2_3Gauss_Jpsi_Jpsi_2012_ETOS": {
        "value": 79.99997633392096,
        "hesse": {
            "error": 0.00527605840865934,
            "cl": 0.68268949
        }
    },
    "mu3_3Gauss_Jpsi_Jpsi_2012_ETOS": {
        "value": -118.2862779072577,
        "hesse": {
            "error": 1.6383556672180666,
            "cl": 0.68268949
        }
    },
    "sigma3_3Gauss_Jpsi_Jpsi_2012_ETOS": {
        "value": 211.16527362352468,
        "hesse": {
            "error": 1.3424549011336113,
            "cl": 0.68268949
        }
    }
}