{
    "frac1_3Gauss_ee_1_all_GTIS": {
        "value": 0.5300956363624696,
        "hesse": {
            "error": 0.08995609155799401,
            "cl": 0.68268949
        }
    },
    "_frac2_3Gauss_ee_1_all_GTIS": {
        "value": 0.6889757611976912,
        "hesse": {
            "error": 0.09310098905790201,
            "cl": 0.68268949
        }
    },
    "mu1_3Gauss_ee_1_all_GTIS": {
        "value": 5239.1555376084825,
        "hesse": {
            "error": 3.3425448178405475,
            "cl": 0.68268949
        }
    },
    "sigma1_3Gauss_ee_1_all_GTIS": {
        "value": 64.713986337542,
        "hesse": {
            "error": 5.19582673772058,
            "cl": 0.68268949
        }
    },
    "mu2_3Gauss_ee_1_all_GTIS": {
        "value": 5180.809993103475,
        "hesse": {
            "error": 18.262069142196964,
            "cl": 0.68268949
        }
    },
    "sigma2_3Gauss_ee_1_all_GTIS": {
        "value": 129.52318177935373,
        "hesse": {
            "error": 15.46047288696166,
            "cl": 0.68268949
        }
    },
    "mu3_3Gauss_ee_1_all_GTIS": {
        "value": 5328.909984822164,
        "hesse": {
            "error": 31.90779617913329,
            "cl": 0.68268949
        }
    },
    "sigma3_3Gauss_ee_1_all_GTIS": {
        "value": 253.24504970314402,
        "hesse": {
            "error": 14.895447759252232,
            "cl": 0.68268949
        }
    }
}