{
    "mu_DSCB_1_2012_ETOS": {
        "value": 5247.495161031161,
        "hesse": {
            "error": 2.107602312398558,
            "cl": 0.68268949
        }
    },
    "sigma_DSCB_1_2012_ETOS": {
        "value": 48.957076989863964,
        "hesse": {
            "error": 3.0424868410968737,
            "cl": 0.68268949
        }
    },
    "alphal_DSCB_1_2012_ETOS": {
        "value": 0.5431289626514895,
        "hesse": {
            "error": 0.04006588524338698,
            "cl": 0.68268949
        }
    },
    "nl_DSCB_1_2012_ETOS": {
        "value": 127.82664397631778,
        "hesse": {
            "error": 140.1835101306464,
            "cl": 0.68268949
        }
    },
    "alphar_DSCB_1_2012_ETOS": {
        "value": 1.1251025576886655,
        "hesse": {
            "error": 0.09047384894065412,
            "cl": 0.68268949
        }
    },
    "nr_DSCB_1_2012_ETOS": {
        "value": 3.3666194550577,
        "hesse": {
            "error": 0.4697079978404411,
            "cl": 0.68268949
        }
    }
}