{
    "frac1_3Gauss_Jpsi_psi2S_2011_GTIS": {
        "value": 0.5673762345813007,
        "hesse": {
            "error": 0.01563745547318478,
            "cl": 0.68268949
        }
    },
    "_frac2_3Gauss_Jpsi_psi2S_2011_GTIS": {
        "value": 0.09390745113234943,
        "hesse": {
            "error": 0.009502604568937596,
            "cl": 0.68268949
        }
    },
    "mu1_3Gauss_Jpsi_psi2S_2011_GTIS": {
        "value": 106.95530877500455,
        "hesse": {
            "error": 1.4884123418705257,
            "cl": 0.68268949
        }
    },
    "sigma1_3Gauss_Jpsi_psi2S_2011_GTIS": {
        "value": 37.430236514912316,
        "hesse": {
            "error": 1.4106765559371783,
            "cl": 0.68268949
        }
    },
    "mu2_3Gauss_Jpsi_psi2S_2011_GTIS": {
        "value": 673.1390297266556,
        "hesse": {
            "error": 10.777407993341955,
            "cl": 0.68268949
        }
    },
    "sigma2_3Gauss_Jpsi_psi2S_2011_GTIS": {
        "value": 79.99999998481682,
        "hesse": {
            "error": 0.0001746911250823708,
            "cl": 0.68268949
        }
    },
    "mu3_3Gauss_Jpsi_psi2S_2011_GTIS": {
        "value": 279.88697966844353,
        "hesse": {
            "error": 6.23731492824752,
            "cl": 0.68268949
        }
    },
    "sigma3_3Gauss_Jpsi_psi2S_2011_GTIS": {
        "value": 119.74862452057437,
        "hesse": {
            "error": 3.5447236604919845,
            "cl": 0.68268949
        }
    }
}