{
    "frac1_3Gauss_Jpsi_Jpsi_2016_ETOS": {
        "value": 0.311590917329325,
        "hesse": {
            "error": 0.00562395283528253,
            "cl": 0.68268949
        }
    },
    "_frac2_3Gauss_Jpsi_Jpsi_2016_ETOS": {
        "value": 0.582732076641394,
        "hesse": {
            "error": 0.00619441898278145,
            "cl": 0.68268949
        }
    },
    "mu1_3Gauss_Jpsi_Jpsi_2016_ETOS": {
        "value": -27.719720053144965,
        "hesse": {
            "error": 0.3237788027193495,
            "cl": 0.68268949
        }
    },
    "sigma1_3Gauss_Jpsi_Jpsi_2016_ETOS": {
        "value": 30.382924139526743,
        "hesse": {
            "error": 0.5141993839951299,
            "cl": 0.68268949
        }
    },
    "mu2_3Gauss_Jpsi_Jpsi_2016_ETOS": {
        "value": -66.65775799149864,
        "hesse": {
            "error": 0.8111394360489665,
            "cl": 0.68268949
        }
    },
    "sigma2_3Gauss_Jpsi_Jpsi_2016_ETOS": {
        "value": 79.99974260570681,
        "hesse": {
            "error": 0.018931430220571664,
            "cl": 0.68268949
        }
    },
    "mu3_3Gauss_Jpsi_Jpsi_2016_ETOS": {
        "value": -108.87636477513365,
        "hesse": {
            "error": 1.13996560696263,
            "cl": 0.68268949
        }
    },
    "sigma3_3Gauss_Jpsi_Jpsi_2016_ETOS": {
        "value": 212.54883397636985,
        "hesse": {
            "error": 0.9777758203239459,
            "cl": 0.68268949
        }
    }
}