{
    "mu_DSCB_0_r1_ETOS": {
        "value": 5241.804635810833,
        "hesse": {
            "error": 4.625787103371211,
            "cl": 0.68268949
        }
    },
    "sigma_DSCB_0_r1_ETOS": {
        "value": 29.49922898437099,
        "hesse": {
            "error": 3.091133403257062,
            "cl": 0.68268949
        }
    },
    "alphal_DSCB_0_r1_ETOS": {
        "value": 0.3009102981960741,
        "hesse": {
            "error": 0.03597980754625599,
            "cl": 0.68268949
        }
    },
    "nl_DSCB_0_r1_ETOS": {
        "value": 116.37170749099327,
        "hesse": {
            "error": 11.429012030726476,
            "cl": 0.68268949
        }
    },
    "alphar_DSCB_0_r1_ETOS": {
        "value": 3.6108758599779414,
        "hesse": {
            "error": 0.38454389575416,
            "cl": 0.68268949
        }
    },
    "nr_DSCB_0_r1_ETOS": {
        "value": 2.7120974761972314,
        "hesse": {
            "error": 3.8472599855425536,
            "cl": 0.68268949
        }
    }
}