{
    "frac1_3Gauss_psi2S_high_2015_ETOS": {
        "value": 0.2468762858121667,
        "hesse": {
            "error": 0.0344383601813588,
            "cl": 0.68268949
        }
    },
    "_frac2_3Gauss_psi2S_high_2015_ETOS": {
        "value": 0.6175431694839741,
        "hesse": {
            "error": 0.04614942067562402,
            "cl": 0.68268949
        }
    },
    "mu1_3Gauss_psi2S_high_2015_ETOS": {
        "value": 432.0534184117001,
        "hesse": {
            "error": 9.155331255779112,
            "cl": 0.68268949
        }
    },
    "sigma1_3Gauss_psi2S_high_2015_ETOS": {
        "value": 39.99999987411547,
        "hesse": {
            "error": 0.0017353614387909059,
            "cl": 0.68268949
        }
    },
    "mu2_3Gauss_psi2S_high_2015_ETOS": {
        "value": 310.09274330963575,
        "hesse": {
            "error": 4.599451381661988,
            "cl": 0.68268949
        }
    },
    "sigma2_3Gauss_psi2S_high_2015_ETOS": {
        "value": 40.000005117925895,
        "hesse": {
            "error": 0.01147774096671438,
            "cl": 0.68268949
        }
    },
    "mu3_3Gauss_psi2S_high_2015_ETOS": {
        "value": 565.4034036395803,
        "hesse": {
            "error": 25.49727317017994,
            "cl": 0.68268949
        }
    },
    "sigma3_3Gauss_psi2S_high_2015_ETOS": {
        "value": 166.92507311548277,
        "hesse": {
            "error": 12.701119578878378,
            "cl": 0.68268949
        }
    }
}