{
    "mu_DSCB_2_2011_GTIS": {
        "value": 5267.286176287476,
        "hesse": {
            "error": 9.686896525884196,
            "cl": 0.68268949
        }
    },
    "sigma_DSCB_2_2011_GTIS": {
        "value": 91.48235202264131,
        "hesse": {
            "error": 12.139557991403521,
            "cl": 0.68268949
        }
    },
    "alphal_DSCB_2_2011_GTIS": {
        "value": 1.3564498442334312,
        "hesse": {
            "error": 0.2953475874672256,
            "cl": 0.68268949
        }
    },
    "nl_DSCB_2_2011_GTIS": {
        "value": 7.970911088808675,
        "hesse": {
            "error": 6.654704773274631,
            "cl": 0.68268949
        }
    },
    "alphar_DSCB_2_2011_GTIS": {
        "value": 0.8549391779944326,
        "hesse": {
            "error": 0.2796209821064903,
            "cl": 0.68268949
        }
    },
    "nr_DSCB_2_2011_GTIS": {
        "value": 6.131859484707325,
        "hesse": {
            "error": 5.7731179838608595,
            "cl": 0.68268949
        }
    }
}