{
    "frac1_3Gauss_psi2S_psi2S_2017_GTIS": {
        "value": 0.07652365140143166,
        "hesse": {
            "error": 0.03373022375231254,
            "cl": 0.68268949
        }
    },
    "_frac2_3Gauss_psi2S_psi2S_2017_GTIS": {
        "value": 0.4166015790140892,
        "hesse": {
            "error": 0.02218445462481238,
            "cl": 0.68268949
        }
    },
    "mu1_3Gauss_psi2S_psi2S_2017_GTIS": {
        "value": -24.623094072888843,
        "hesse": {
            "error": 4.501632605311569,
            "cl": 0.68268949
        }
    },
    "sigma1_3Gauss_psi2S_psi2S_2017_GTIS": {
        "value": 27.340192433923836,
        "hesse": {
            "error": 8.129726444069707,
            "cl": 0.68268949
        }
    },
    "mu2_3Gauss_psi2S_psi2S_2017_GTIS": {
        "value": -54.7534679060495,
        "hesse": {
            "error": 3.569659470863925,
            "cl": 0.68268949
        }
    },
    "sigma2_3Gauss_psi2S_psi2S_2017_GTIS": {
        "value": 66.06699867316163,
        "hesse": {
            "error": 3.0432375788769757,
            "cl": 0.68268949
        }
    },
    "mu3_3Gauss_psi2S_psi2S_2017_GTIS": {
        "value": -106.3136466474506,
        "hesse": {
            "error": 2.261799670490585,
            "cl": 0.68268949
        }
    },
    "sigma3_3Gauss_psi2S_psi2S_2017_GTIS": {
        "value": 188.6755173943207,
        "hesse": {
            "error": 2.03801693914966,
            "cl": 0.68268949
        }
    }
}