{
    "mu_DSCB_1_2012_GTIS": {
        "value": 5227.524418780282,
        "hesse": {
            "error": 4.101552036742606,
            "cl": 0.68268949
        }
    },
    "sigma_DSCB_1_2012_GTIS": {
        "value": 74.13722709907431,
        "hesse": {
            "error": 5.272367326947132,
            "cl": 0.68268949
        }
    },
    "alphal_DSCB_1_2012_GTIS": {
        "value": 0.9786200438833186,
        "hesse": {
            "error": 0.11170090698546829,
            "cl": 0.68268949
        }
    },
    "nl_DSCB_1_2012_GTIS": {
        "value": 139.28975484870634,
        "hesse": {
            "error": 133.6334531674915,
            "cl": 0.68268949
        }
    },
    "alphar_DSCB_1_2012_GTIS": {
        "value": 1.3167051478968428,
        "hesse": {
            "error": 0.16448370273076174,
            "cl": 0.68268949
        }
    },
    "nr_DSCB_1_2012_GTIS": {
        "value": 2.713851595990364,
        "hesse": {
            "error": 0.8360650106328309,
            "cl": 0.68268949
        }
    }
}