{
    "frac1_3Gauss_ee_2_2017_GTIS": {
        "value": 0.496600024228584,
        "hesse": {
            "error": 0.06593624940279198,
            "cl": 0.68268949
        }
    },
    "_frac2_3Gauss_ee_2_2017_GTIS": {
        "value": 0.6140758308837339,
        "hesse": {
            "error": 0.11385654385182684,
            "cl": 0.68268949
        }
    },
    "mu1_3Gauss_ee_2_2017_GTIS": {
        "value": 5265.593569619897,
        "hesse": {
            "error": 4.534435663069715,
            "cl": 0.68268949
        }
    },
    "sigma1_3Gauss_ee_2_2017_GTIS": {
        "value": 82.04217943151033,
        "hesse": {
            "error": 5.465993830922809,
            "cl": 0.68268949
        }
    },
    "mu2_3Gauss_ee_2_2017_GTIS": {
        "value": 5270.111073619355,
        "hesse": {
            "error": 15.724265684680923,
            "cl": 0.68268949
        }
    },
    "sigma2_3Gauss_ee_2_2017_GTIS": {
        "value": 149.9999931197353,
        "hesse": {
            "error": 0.019719087880174874,
            "cl": 0.68268949
        }
    },
    "mu3_3Gauss_ee_2_2017_GTIS": {
        "value": 5472.296417707004,
        "hesse": {
            "error": 34.77333005750368,
            "cl": 0.68268949
        }
    },
    "sigma3_3Gauss_ee_2_2017_GTIS": {
        "value": 275.7067597341176,
        "hesse": {
            "error": 19.718339088649635,
            "cl": 0.68268949
        }
    }
}