{
    "frac1_3Gauss_psi2S_high_2016_ETOS": {
        "value": 0.20436744250322844,
        "hesse": {
            "error": 0.021966845871440734,
            "cl": 0.68268949
        }
    },
    "_frac2_3Gauss_psi2S_high_2016_ETOS": {
        "value": 0.6666471811828917,
        "hesse": {
            "error": 0.029753021929545098,
            "cl": 0.68268949
        }
    },
    "mu1_3Gauss_psi2S_high_2016_ETOS": {
        "value": 438.20065483930824,
        "hesse": {
            "error": 7.88327583058562,
            "cl": 0.68268949
        }
    },
    "sigma1_3Gauss_psi2S_high_2016_ETOS": {
        "value": 39.99959747300954,
        "hesse": {
            "error": 0.06114039844530385,
            "cl": 0.68268949
        }
    },
    "mu2_3Gauss_psi2S_high_2016_ETOS": {
        "value": 308.0582531272329,
        "hesse": {
            "error": 3.330203984739403,
            "cl": 0.68268949
        }
    },
    "sigma2_3Gauss_psi2S_high_2016_ETOS": {
        "value": 41.28904856948084,
        "hesse": {
            "error": 2.7586474016527043,
            "cl": 0.68268949
        }
    },
    "mu3_3Gauss_psi2S_high_2016_ETOS": {
        "value": 579.3357429818604,
        "hesse": {
            "error": 17.72593200657569,
            "cl": 0.68268949
        }
    },
    "sigma3_3Gauss_psi2S_high_2016_ETOS": {
        "value": 171.3447245020971,
        "hesse": {
            "error": 8.543665192463065,
            "cl": 0.68268949
        }
    }
}