{
    "mu_DSCB_0_2017_GTIS": {
        "value": 5265.876098053827,
        "hesse": {
            "error": 5.381848461038164,
            "cl": 0.68268949
        }
    },
    "sigma_DSCB_0_2017_GTIS": {
        "value": 15.763612351997617,
        "hesse": {
            "error": 3.244654276947876,
            "cl": 0.68268949
        }
    },
    "alphal_DSCB_0_2017_GTIS": {
        "value": 0.13207177463366632,
        "hesse": {
            "error": 0.029744613773728536,
            "cl": 0.68268949
        }
    },
    "nl_DSCB_0_2017_GTIS": {
        "value": 104.40308070758945,
        "hesse": {
            "error": 114.83137193386295,
            "cl": 0.68268949
        }
    },
    "alphar_DSCB_0_2017_GTIS": {
        "value": 5.079252454134653,
        "hesse": {
            "error": 11.437408054536467,
            "cl": 0.68268949
        }
    },
    "nr_DSCB_0_2017_GTIS": {
        "value": 97.50677022992788,
        "hesse": {
            "error": 111198.37097356115,
            "cl": 0.68268949
        }
    }
}