{
    "f_sig_2016_psi2": {
        "value": 0.010700550189824838,
        "hesse": {
            "error": 0.001584108641877825,
            "cl": 0.68268949
        }
    },
    "B_mass_2016_psi2": {
        "value": 5286.83319296561,
        "hesse": {
            "error": 11.34007871341409,
            "cl": 0.68268949
        }
    },
    "sigma_2016_psi2": {
        "value": 49.999982867373475,
        "hesse": {
            "error": 0.014444744306379986,
            "cl": 0.68268949
        }
    },
    "cmb_mm_mu_2016_psi2": {
        "value": 4077.5680921309754,
        "hesse": {
            "error": 2.7470162187214737,
            "cl": 0.68268949
        }
    },
    "cmb_mm_scale_2016_psi2": {
        "value": 0.13420196764099598,
        "hesse": {
            "error": 0.006730227525128603,
            "cl": 0.68268949
        }
    },
    "cmb_mm_a_2016_psi2": {
        "value": -14.212007232610484,
        "hesse": {
            "error": 0.07532323182749645,
            "cl": 0.68268949
        }
    },
    "cmb_mm_b_2016_psi2": {
        "value": 1.493139019130698,
        "hesse": {
            "error": 0.007616307957793273,
            "cl": 0.68268949
        }
    }
}