{
    "correction_right_CB_mu_psi2S_high_2017_ETOS": {
        "value": 293.53915243204625,
        "hesse": {
            "error": 6.898571802303573,
            "cl": 0.68268949
        }
    },
    "correction_right_CB_sigma_psi2S_high_2017_ETOS": {
        "value": 36.92484867196283,
        "hesse": {
            "error": 5.024438745049718,
            "cl": 0.68268949
        }
    },
    "correction_right_CB_alpha_psi2S_high_2017_ETOS": {
        "value": -0.24130759472552452,
        "hesse": {
            "error": 0.03624534560067631,
            "cl": 0.68268949
        }
    },
    "correction_right_CB_n_psi2S_high_2017_ETOS": {
        "value": 109.99729047292472,
        "hesse": {
            "error": 1.2782697448287454,
            "cl": 0.68268949
        }
    }
}