{
    "frac1_2Gauss_mm_2017_MTOS": {
        "value": 0.8809670017197556,
        "hesse": {
            "error": 0.002846935147619007,
            "cl": 0.68268949
        }
    },
    "mu1_2Gauss_mm_2017_MTOS": {
        "value": 5281.019318041516,
        "hesse": {
            "error": 0.048912420346083244,
            "cl": 0.68268949
        }
    },
    "sigma1_2Gauss_mm_2017_MTOS": {
        "value": 16.324668449226767,
        "hesse": {
            "error": 0.0544157467068256,
            "cl": 0.68268949
        }
    },
    "mu2_2Gauss_mm_2017_MTOS": {
        "value": 5259.897155216266,
        "hesse": {
            "error": 0.7212510811699495,
            "cl": 0.68268949
        }
    },
    "sigma2_2Gauss_mm_2017_MTOS": {
        "value": 46.89400848715835,
        "hesse": {
            "error": 0.5882751001870771,
            "cl": 0.68268949
        }
    }
}