{
    "frac1_3Gauss_ee_2_2017_ETOS": {
        "value": 0.47338916862910213,
        "hesse": {
            "error": 0.017272975323842053,
            "cl": 0.68268949
        }
    },
    "_frac2_3Gauss_ee_2_2017_ETOS": {
        "value": 0.8279742235921851,
        "hesse": {
            "error": 0.03652390767847752,
            "cl": 0.68268949
        }
    },
    "mu1_3Gauss_ee_2_2017_ETOS": {
        "value": 5266.475110377832,
        "hesse": {
            "error": 1.402330287072377,
            "cl": 0.68268949
        }
    },
    "sigma1_3Gauss_ee_2_2017_ETOS": {
        "value": 59.984358506773,
        "hesse": {
            "error": 1.672266782862444,
            "cl": 0.68268949
        }
    },
    "mu2_3Gauss_ee_2_2017_ETOS": {
        "value": 5275.982758448072,
        "hesse": {
            "error": 4.432308082710689,
            "cl": 0.68268949
        }
    },
    "sigma2_3Gauss_ee_2_2017_ETOS": {
        "value": 149.99901967034634,
        "hesse": {
            "error": 0.09481926650823458,
            "cl": 0.68268949
        }
    },
    "mu3_3Gauss_ee_2_2017_ETOS": {
        "value": 5444.040145346436,
        "hesse": {
            "error": 29.58015217178727,
            "cl": 0.68268949
        }
    },
    "sigma3_3Gauss_ee_2_2017_ETOS": {
        "value": 243.12672735562256,
        "hesse": {
            "error": 13.747444347593923,
            "cl": 0.68268949
        }
    }
}