{
    "mu_CB_ee_0_r1_GTIS": {
        "value": 5222.220629122844,
        "hesse": {
            "error": 40.382960726506504,
            "cl": 0.68268949
        }
    },
    "sigma_CB_ee_0_r1_GTIS": {
        "value": 37.17895519744838,
        "hesse": {
            "error": 24.969839290586258,
            "cl": 0.68268949
        }
    },
    "alpha_CB_ee_0_r1_GTIS": {
        "value": 0.4418734824436563,
        "hesse": {
            "error": 0.3741106018881475,
            "cl": 0.68268949
        }
    },
    "n_CB_ee_0_r1_GTIS": {
        "value": 9.999982434419975,
        "hesse": {
            "error": 7.818083821178683e-05,
            "cl": 0.68268949
        }
    }
}