{
    "correction_right_CB_mu_psi2S_high_2016_GTIS": {
        "value": 320.0071287410214,
        "hesse": {
            "error": 10.073643413635013,
            "cl": 0.68268949
        }
    },
    "correction_right_CB_sigma_psi2S_high_2016_GTIS": {
        "value": 51.300915154835444,
        "hesse": {
            "error": 7.127710954617712,
            "cl": 0.68268949
        }
    },
    "correction_right_CB_alpha_psi2S_high_2016_GTIS": {
        "value": -0.28715190122088774,
        "hesse": {
            "error": 0.046633110602840526,
            "cl": 0.68268949
        }
    },
    "correction_right_CB_n_psi2S_high_2016_GTIS": {
        "value": 109.98828532903673,
        "hesse": {
            "error": 3.2788506026910844,
            "cl": 0.68268949
        }
    }
}