{
    "frac1_3Gauss_psi2S_high_2012_GTIS": {
        "value": 0.10230880142682272,
        "hesse": {
            "error": 0.02094115688492878,
            "cl": 0.68268949
        }
    },
    "_frac2_3Gauss_psi2S_high_2012_GTIS": {
        "value": 0.10713830764521111,
        "hesse": {
            "error": 0.017997936668825116,
            "cl": 0.68268949
        }
    },
    "mu1_3Gauss_psi2S_high_2012_GTIS": {
        "value": 614.9537879806848,
        "hesse": {
            "error": 15.97355742678511,
            "cl": 0.68268949
        }
    },
    "sigma1_3Gauss_psi2S_high_2012_GTIS": {
        "value": 39.99993679603751,
        "hesse": {
            "error": 0.025583243411980875,
            "cl": 0.68268949
        }
    },
    "mu2_3Gauss_psi2S_high_2012_GTIS": {
        "value": 799.9990403352982,
        "hesse": {
            "error": 0.18378189866146286,
            "cl": 0.68268949
        }
    },
    "sigma2_3Gauss_psi2S_high_2012_GTIS": {
        "value": 79.99999262960567,
        "hesse": {
            "error": 0.006244528378149168,
            "cl": 0.68268949
        }
    },
    "mu3_3Gauss_psi2S_high_2012_GTIS": {
        "value": 372.1420655111748,
        "hesse": {
            "error": 6.115451660767902,
            "cl": 0.68268949
        }
    },
    "sigma3_3Gauss_psi2S_high_2012_GTIS": {
        "value": 84.76975954244993,
        "hesse": {
            "error": 5.056532698810443,
            "cl": 0.68268949
        }
    }
}