{
    "mu_DSCB_0_2015_GTIS": {
        "value": 5254.606258452431,
        "hesse": {
            "error": 8.021798945756798,
            "cl": 0.68268949
        }
    },
    "sigma_DSCB_0_2015_GTIS": {
        "value": 18.849450528662768,
        "hesse": {
            "error": 4.864773996916992,
            "cl": 0.68268949
        }
    },
    "alphal_DSCB_0_2015_GTIS": {
        "value": 0.18600026140322592,
        "hesse": {
            "error": 0.054404567528359975,
            "cl": 0.68268949
        }
    },
    "nl_DSCB_0_2015_GTIS": {
        "value": 108.5616418360039,
        "hesse": {
            "error": 152.47004079882979,
            "cl": 0.68268949
        }
    },
    "alphar_DSCB_0_2015_GTIS": {
        "value": 3.570601494340104,
        "hesse": {
            "error": 7.467248517358609,
            "cl": 0.68268949
        }
    },
    "nr_DSCB_0_2015_GTIS": {
        "value": 44.02603120040203,
        "hesse": {
            "error": 1656.5079751452354,
            "cl": 0.68268949
        }
    }
}