{
    "correction_DSCB_mu_psi2S_Jpsi_2012_ETOS": {
        "value": -95.9808771790894
    },
    "correction_DSCB_sigma_psi2S_Jpsi_2012_ETOS": {
        "value": 0.861348252970403
    },
    "correction_DSCB_al_psi2S_Jpsi_2012_ETOS": {
        "value": 0.00924304695151852
    },
    "correction_DSCB_nl_psi2S_Jpsi_2012_ETOS": {
        "value": 6.736303944505132
    },
    "correction_DSCB_ar_psi2S_Jpsi_2012_ETOS": {
        "value": 9.935654314442903
    },
    "correction_DSCB_nr_psi2S_Jpsi_2012_ETOS": {
        "value": 4.400484814390499
    }
}