{
    "correction_DSCB_mu_Jpsi_Jpsi_2011_ETOS": {
        "value": -19.633352388244823,
        "hesse": {
            "error": 0.4202151420574466,
            "cl": 0.68268949
        }
    },
    "correction_DSCB_sigma_Jpsi_Jpsi_2011_ETOS": {
        "value": 5.775093288192976,
        "hesse": {
            "error": 1.53293456158663,
            "cl": 0.68268949
        }
    },
    "correction_DSCB_al_Jpsi_Jpsi_2011_ETOS": {
        "value": 0.06678514042234052,
        "hesse": {
            "error": 0.017600278012479237,
            "cl": 0.68268949
        }
    },
    "correction_DSCB_nl_Jpsi_Jpsi_2011_ETOS": {
        "value": 11.05763646982488,
        "hesse": {
            "error": 0.5261318121996553,
            "cl": 0.68268949
        }
    },
    "correction_DSCB_ar_Jpsi_Jpsi_2011_ETOS": {
        "value": 0.17346574332691478,
        "hesse": {
            "error": 0.04630341487382481,
            "cl": 0.68268949
        }
    },
    "correction_DSCB_nr_Jpsi_Jpsi_2011_ETOS": {
        "value": 4.052012586119548,
        "hesse": {
            "error": 0.09058334772660816,
            "cl": 0.68268949
        }
    }
}