{
    "mu_DSCB_1_2016_ETOS": {
        "value": 5246.399692190573,
        "hesse": {
            "error": 1.2267954039396542,
            "cl": 0.68268949
        }
    },
    "sigma_DSCB_1_2016_ETOS": {
        "value": 52.8126734897685,
        "hesse": {
            "error": 1.9198980780126573,
            "cl": 0.68268949
        }
    },
    "alphal_DSCB_1_2016_ETOS": {
        "value": 0.6058439660070976,
        "hesse": {
            "error": 0.026431334374348945,
            "cl": 0.68268949
        }
    },
    "nl_DSCB_1_2016_ETOS": {
        "value": 129.77010451186675,
        "hesse": {
            "error": 35.95668904183756,
            "cl": 0.68268949
        }
    },
    "alphar_DSCB_1_2016_ETOS": {
        "value": 1.138241560277703,
        "hesse": {
            "error": 0.051081349034096266,
            "cl": 0.68268949
        }
    },
    "nr_DSCB_1_2016_ETOS": {
        "value": 3.7121647406926757,
        "hesse": {
            "error": 0.29060706223554705,
            "cl": 0.68268949
        }
    }
}