{
    "frac1_3Gauss_ee_2_all_ETOS": {
        "value": 0.49638751588021235,
        "hesse": {
            "error": 0.010094068736702126,
            "cl": 0.68268949
        }
    },
    "_frac2_3Gauss_ee_2_all_ETOS": {
        "value": 0.7956387141346871,
        "hesse": {
            "error": 0.023985635902095116,
            "cl": 0.68268949
        }
    },
    "mu1_3Gauss_ee_2_all_ETOS": {
        "value": 5266.569859160854,
        "hesse": {
            "error": 0.18832333240993473,
            "cl": 0.68268949
        }
    },
    "sigma1_3Gauss_ee_2_all_ETOS": {
        "value": 60.903581704429186,
        "hesse": {
            "error": 0.949844786274644,
            "cl": 0.68268949
        }
    },
    "mu2_3Gauss_ee_2_all_ETOS": {
        "value": 5281.032678754426,
        "hesse": {
            "error": 1.3897583129657025,
            "cl": 0.68268949
        }
    },
    "sigma2_3Gauss_ee_2_all_ETOS": {
        "value": 149.9994334329853,
        "hesse": {
            "error": 0.019218320618842058,
            "cl": 0.68268949
        }
    },
    "mu3_3Gauss_ee_2_all_ETOS": {
        "value": 5415.794419419797,
        "hesse": {
            "error": 12.421897963544001,
            "cl": 0.68268949
        }
    },
    "sigma3_3Gauss_ee_2_all_ETOS": {
        "value": 253.86182202925812,
        "hesse": {
            "error": 8.035442078703172,
            "cl": 0.68268949
        }
    }
}