{
    "correction_right_CB_mu_psi2S_high_2011_ETOS": {
        "value": 316.58577303908686,
        "hesse": {
            "error": 11.794103827467154,
            "cl": 0.68268949
        }
    },
    "correction_right_CB_sigma_psi2S_high_2011_ETOS": {
        "value": 48.72516324936573,
        "hesse": {
            "error": 10.522074370875105,
            "cl": 0.68268949
        }
    },
    "correction_right_CB_alpha_psi2S_high_2011_ETOS": {
        "value": -0.4359309531331736,
        "hesse": {
            "error": 0.11027569704771827,
            "cl": 0.68268949
        }
    },
    "correction_right_CB_n_psi2S_high_2011_ETOS": {
        "value": 109.95620802414717,
        "hesse": {
            "error": 9.01254219262961,
            "cl": 0.68268949
        }
    }
}