{
    "mu_DSCB_0_2011_GTIS": {
        "value": 5225.050920626095,
        "hesse": {
            "error": 16.630111727845595,
            "cl": 0.68268949
        }
    },
    "sigma_DSCB_0_2011_GTIS": {
        "value": 31.3724010465478,
        "hesse": {
            "error": 10.31258184368078,
            "cl": 0.68268949
        }
    },
    "alphal_DSCB_0_2011_GTIS": {
        "value": 0.3399436016893587,
        "hesse": {
            "error": 0.1423480934041741,
            "cl": 0.68268949
        }
    },
    "nl_DSCB_0_2011_GTIS": {
        "value": 118.9461493811428,
        "hesse": {
            "error": 217.92422780898983,
            "cl": 0.68268949
        }
    },
    "alphar_DSCB_0_2011_GTIS": {
        "value": 3.882405755097443,
        "hesse": {
            "error": 11.443937436928719,
            "cl": 0.68268949
        }
    },
    "nr_DSCB_0_2011_GTIS": {
        "value": 64.89524364577487,
        "hesse": {
            "error": 4513.886623608094,
            "cl": 0.68268949
        }
    }
}