{
    "mu_CB_ee_0_r1_ETOS": {
        "value": 5239.289778533148,
        "hesse": {
            "error": 6.6182226196117115,
            "cl": 0.68268949
        }
    },
    "sigma_CB_ee_0_r1_ETOS": {
        "value": 30.371484029464074,
        "hesse": {
            "error": 3.866760899755346,
            "cl": 0.68268949
        }
    },
    "alpha_CB_ee_0_r1_ETOS": {
        "value": 0.3635966688670328,
        "hesse": {
            "error": 0.05338274807543901,
            "cl": 0.68268949
        }
    },
    "n_CB_ee_0_r1_ETOS": {
        "value": 9.999997080585118,
        "hesse": {
            "error": 1.6863834723227795e-06,
            "cl": 0.68268949
        }
    }
}