{
    "correction_right_CB_mu_psi2S_high_2015_ETOS": {
        "value": 305.83346506032825,
        "hesse": {
            "error": 9.987490642172343,
            "cl": 0.68268949
        }
    },
    "correction_right_CB_sigma_psi2S_high_2015_ETOS": {
        "value": 37.53283336338678,
        "hesse": {
            "error": 7.206076052397939,
            "cl": 0.68268949
        }
    },
    "correction_right_CB_alpha_psi2S_high_2015_ETOS": {
        "value": -0.25006404664254,
        "hesse": {
            "error": 0.05346628052048783,
            "cl": 0.68268949
        }
    },
    "correction_right_CB_n_psi2S_high_2015_ETOS": {
        "value": 109.99926605302132,
        "hesse": {
            "error": 1.0714676926050932,
            "cl": 0.68268949
        }
    }
}