{
    "frac1_3Gauss_psi2S_psi2S_2012_ETOS": {
        "value": 0.22111556880392821,
        "hesse": {
            "error": 0.02178119563792486,
            "cl": 0.68268949
        }
    },
    "_frac2_3Gauss_psi2S_psi2S_2012_ETOS": {
        "value": 0.4667769419102764,
        "hesse": {
            "error": 0.01521337763268791,
            "cl": 0.68268949
        }
    },
    "mu1_3Gauss_psi2S_psi2S_2012_ETOS": {
        "value": -28.010869719854924,
        "hesse": {
            "error": 1.150849953401181,
            "cl": 0.68268949
        }
    },
    "sigma1_3Gauss_psi2S_psi2S_2012_ETOS": {
        "value": 27.39251733397534,
        "hesse": {
            "error": 1.8882049770355243,
            "cl": 0.68268949
        }
    },
    "mu2_3Gauss_psi2S_psi2S_2012_ETOS": {
        "value": -55.46606890394171,
        "hesse": {
            "error": 2.175159427325619,
            "cl": 0.68268949
        }
    },
    "sigma2_3Gauss_psi2S_psi2S_2012_ETOS": {
        "value": 68.46608636382939,
        "hesse": {
            "error": 2.3739456432779273,
            "cl": 0.68268949
        }
    },
    "mu3_3Gauss_psi2S_psi2S_2012_ETOS": {
        "value": -114.50105251167506,
        "hesse": {
            "error": 1.7938456073531757,
            "cl": 0.68268949
        }
    },
    "sigma3_3Gauss_psi2S_psi2S_2012_ETOS": {
        "value": 179.73508543500495,
        "hesse": {
            "error": 1.5569792163798049,
            "cl": 0.68268949
        }
    }
}