{
    "frac1_3Gauss_psi2S_high_2018_GTIS": {
        "value": 0.3339250628976926,
        "hesse": {
            "error": 0.04755827660868678,
            "cl": 0.68268949
        }
    },
    "_frac2_3Gauss_psi2S_high_2018_GTIS": {
        "value": 0.5080389589477731,
        "hesse": {
            "error": 0.05381141031720786,
            "cl": 0.68268949
        }
    },
    "mu1_3Gauss_psi2S_high_2018_GTIS": {
        "value": 305.2875148405524,
        "hesse": {
            "error": 5.312297215975215,
            "cl": 0.68268949
        }
    },
    "sigma1_3Gauss_psi2S_high_2018_GTIS": {
        "value": 39.99936930945799,
        "hesse": {
            "error": 0.0881311588742908,
            "cl": 0.68268949
        }
    },
    "mu2_3Gauss_psi2S_high_2018_GTIS": {
        "value": 420.9566403021731,
        "hesse": {
            "error": 17.810770908616078,
            "cl": 0.68268949
        }
    },
    "sigma2_3Gauss_psi2S_high_2018_GTIS": {
        "value": 79.99992750616626,
        "hesse": {
            "error": 0.060318114034618175,
            "cl": 0.68268949
        }
    },
    "mu3_3Gauss_psi2S_high_2018_GTIS": {
        "value": 593.3348988498767,
        "hesse": {
            "error": 22.541207375149455,
            "cl": 0.68268949
        }
    },
    "sigma3_3Gauss_psi2S_high_2018_GTIS": {
        "value": 207.36013210246398,
        "hesse": {
            "error": 12.251440068639305,
            "cl": 0.68268949
        }
    }
}