{
    "f0": 0.0717382735514387,
    "f1": 0.46078044934962553,
    "f2": 0.4674812770989358
}