{
    "f0": 0.09256198347107437,
    "f1": 0.4809917355371901,
    "f2": 0.42644628099173554
}