{
    "ncb_mm_2017_TOS_": [
        31.694720846853134,
        13.573345569243513
    ],
    "mu_cb_mm_2017_TOS_": [
        4167.95168391685,
        32.27585981062138
    ],
    "lm_cb_mm_2017_TOS_": [
        45.82027632860753,
        1.6673389117488198
    ]
}