{
    "ncb_ee_2018_TOS_": [
        724.77698233299,
        137.869767880134
    ],
    "npr_ee_2018_TOS_": [
        351.53323353584017,
        137.01960327922149
    ],
    "mu_cb_ee_2018_TOS_": [
        4177.316470788389,
        32.808076045859075
    ],
    "lm_cb_ee_2018_TOS_": [
        45.9892158312495,
        2.192647406306719
    ]
}