{
    "ncb_ee_all_TOS_": [
        2536.1407386760766,
        326.3391807942962
    ],
    "npr_ee_all_TOS_": [
        1910.7614747112946,
        325.6995840690456
    ],
    "mu_cb_ee_all_TOS_": [
        4165.605854942827,
        24.094665988459813
    ],
    "lm_cb_ee_all_TOS_": [
        47.435783190673085,
        2.062453005179358
    ]
}