{
    "ncb_ee_2017_TOS_": [
        548.0478464009226,
        164.0374443454316
    ],
    "npr_ee_2017_TOS_": [
        533.6109183446882,
        163.9186792697187
    ],
    "mu_cb_ee_2017_TOS_": [
        4186.667255582166,
        37.31983241779766
    ],
    "lm_cb_ee_2017_TOS_": [
        45.434666099390526,
        2.362776441243567
    ]
}