{
    "c0": [
        -1.1048233230103628,
        -5.0,
        1.0
    ],
    "c1": [
        0.11993748481677537,
        -1.0,
        1.0
    ],
    "c2": [
        0.03233098378427175,
        -1.0,
        1.0
    ]
}