{
    "mu": [
        5280.916048275083,
        5000.0,
        5600.0
    ],
    "sigma": [
        16.79954118109773,
        0.1,
        500.0
    ],
    "alphal": [
        1.5906348133502466,
        0.0,
        20.0
    ],
    "nl": [
        2.6517930470050466,
        0.0,
        150.0
    ],
    "alphar": [
        2.069150433512718,
        0.0,
        20.0
    ],
    "nr": [
        4.130629817490475,
        0.0,
        120.0
    ]
}