{
    "ncb_ee_all_TOS_sb_fits_5": [
        585.2982955379891,
        87.55280186111763
    ],
    "npr_ee_all_TOS_sb_fits_5": [
        366.69625751567366,
        47.832869506227915
    ],
    "mu_cb_ee_all_TOS_sb_fits_5": [
        4249.599058333082,
        48.57907796818862
    ],
    "lm_cb_ee_all_TOS_sb_fits_5": [
        34.71025195391014,
        2.657933674453739
    ]
}