{
    "a": [
        -114.02634428794764,
        35.02219340920105
    ],
    "b": [
        2064.4002706619563,
        60.08005237344276
    ],
    "npr_ee_all_TOS_sb_fits_3": [
        68.08590381578274,
        54.43749793475485
    ],
    "mu_cb_shr": [
        4112.28840903732,
        20.181807990742513
    ],
    "lm_cb_ee_all_TOS_sb_fits_3": [
        52.23096204997864,
        1.1356496501689097
    ],
    "npr_ee_all_TOS_sb_fits_2": [
        0.0007272510872186793,
        0.26019793290122417
    ],
    "lm_cb_ee_all_TOS_sb_fits_2": [
        51.98755275584686,
        1.0833078804536256
    ],
    "npr_ee_all_TOS_sb_fits_1": [
        0.01793481709899496,
        2.7289594640071884
    ],
    "lm_cb_ee_all_TOS_sb_fits_1": [
        49.95396162376216,
        1.009308392025405
    ]
}