{
    "ncb_ee_all_TIS_": [
        200.32036934756536,
        107.3782857618186
    ],
    "npr_ee_all_TIS_": [
        489.99033986456476,
        107.98856379606019
    ],
    "mu_cb_ee_all_TIS_": [
        4211.55748024708,
        43.54470969193529
    ],
    "lm_cb_ee_all_TIS_": [
        45.73059086342757,
        2.3120923364335106
    ]
}