{
    "ncb_ee_all_TOS_sb_fits": [
        1677.9674876054664,
        29.46648324940908
    ],
    "npr_ee_all_TOS_sb_fits": [
        0.021442174987187815,
        2.0709932272055833
    ],
    "mu_cb_ee_all_TOS_sb_fits": [
        4226.053246953482,
        32.399467874313025
    ],
    "lm_cb_ee_all_TOS_sb_fits": [
        44.976761795353845,
        3.088810532475342
    ]
}