{
    "ncb_ee_r1_TOS_": [
        480.2732184775227,
        95.14188319742956
    ],
    "npr_ee_r1_TOS_": [
        167.01433337785937,
        94.10030659542217
    ],
    "mu_cb_ee_r1_TOS_": [
        4195.222305192985,
        32.72637820153135
    ],
    "lm_cb_ee_r1_TOS_": [
        44.81645884330357,
        2.2292830126015493
    ]
}