{
    "ncb_mm_all_TOS_": [
        38.37985693111496,
        22.248813410664678
    ],
    "mu_cb_mm_all_TOS_": [
        4166.3893674040155,
        32.22466240909862
    ],
    "lm_cb_mm_all_TOS_": [
        45.671091880042084,
        1.666995119806187
    ]
}