{
    "ncb_ee_all_TOS_sb_fits": [
        488.50335269699735,
        124.92371844317994
    ],
    "npr_ee_all_TOS_sb_fits": [
        417.64434335968684,
        124.29815848165639
    ],
    "mu_cb_ee_all_TOS_sb_fits": [
        4270.779268239938,
        60.06979238234155
    ],
    "lm_cb_ee_all_TOS_sb_fits": [
        32.305372974973004,
        5.805034154166207
    ]
}