{
    "ncb_mm_all_TOS_sb_fits": [
        38.42813217264839,
        22.2737557196956
    ],
    "mu_cb_mm_all_TOS_sb_fits": [
        4166.6177279967,
        32.21565233594995
    ],
    "lm_cb_mm_all_TOS_sb_fits": [
        45.657561757456136,
        1.6671050118683624
    ]
}