{
    "ncb_ee_all_TOS_sb_fits_5": [
        207.13559843623008,
        87.73277333710648
    ],
    "npr_ee_all_TOS_sb_fits_5": [
        367.54402488828595,
        44.55540684575248
    ],
    "mu_cb_ee_all_TOS_sb_fits_5": [
        4025.747926413652,
        285.0139618721137
    ],
    "lm_cb_ee_all_TOS_sb_fits_5": [
        51.12759378533499,
        14.082634853941705
    ],
    "nom_ee_all_TOS_sb_fits_5_dmu_ee_2018_ETOS": [
        0.3367937522400683,
        0.44139486225414487
    ],
    "nom_ee_all_TOS_sb_fits_5_ssg_ee_2018_ETOS": [
        1.3257084809299151,
        0.004818105653751822
    ]
}