{
    "mu_CB_ee_0_2018_GTIS": {
        "value": 5239.411126916648,
        "hesse": {
            "error": 6.167361137301203,
            "cl": 0.68268949
        }
    },
    "sigma_CB_ee_0_2018_GTIS": {
        "value": 29.09669990712143,
        "hesse": {
            "error": 4.046362876003696,
            "cl": 0.68268949
        }
    },
    "alpha_CB_ee_0_2018_GTIS": {
        "value": 0.3331092828412374,
        "hesse": {
            "error": 0.055786887914903896,
            "cl": 0.68268949
        }
    },
    "n_CB_ee_0_2018_GTIS": {
        "value": 9.998718922760514,
        "hesse": {
            "error": 0.0808915144964049,
            "cl": 0.68268949
        }
    }
}