{
    "f_sig_2018_psi2": {
        "value": 0.007543780003876624,
        "hesse": {
            "error": 0.0015715625373297116,
            "cl": 0.68268949
        }
    },
    "B_mass_2018_psi2": {
        "value": 5281.583793299918,
        "hesse": {
            "error": 5.83228098681858,
            "cl": 0.68268949
        }
    },
    "sigma_2018_psi2": {
        "value": 27.153591997353345,
        "hesse": {
            "error": 6.9487836178864635,
            "cl": 0.68268949
        }
    },
    "cmb_mm_mu_2018_psi2": {
        "value": 4081.441853562487,
        "hesse": {
            "error": 3.1117824062458177,
            "cl": 0.68268949
        }
    },
    "cmb_mm_scale_2018_psi2": {
        "value": 0.7974487557349066,
        "hesse": {
            "error": 0.04243685104496704,
            "cl": 0.68268949
        }
    },
    "cmb_mm_a_2018_psi2": {
        "value": -11.417351030754912,
        "hesse": {
            "error": 0.07930082107947246,
            "cl": 0.68268949
        }
    },
    "cmb_mm_b_2018_psi2": {
        "value": 1.4749001902276428,
        "hesse": {
            "error": 0.009470511146282563,
            "cl": 0.68268949
        }
    }
}