{
    "mu_CB_ee_0_all_ETOS": {
        "value": 5239.456162037101,
        "hesse": {
            "error": 3.265978740705788,
            "cl": 0.68268949
        }
    },
    "sigma_CB_ee_0_all_ETOS": {
        "value": 31.37331059074652,
        "hesse": {
            "error": 2.0210689310744328,
            "cl": 0.68268949
        }
    },
    "alpha_CB_ee_0_all_ETOS": {
        "value": 0.3729083031685376,
        "hesse": {
            "error": 0.027893789339740512,
            "cl": 0.68268949
        }
    },
    "n_CB_ee_0_all_ETOS": {
        "value": 9.999998231165346,
        "hesse": {
            "error": 1.333406683938999e-06,
            "cl": 0.68268949
        }
    }
}