{
    "frac1_3Gauss_psi2S_high_2017_GTIS": {
        "value": 0.36757850460616504,
        "hesse": {
            "error": 0.038371918305566244,
            "cl": 0.68268949
        }
    },
    "_frac2_3Gauss_psi2S_high_2017_GTIS": {
        "value": 0.1487224907629213,
        "hesse": {
            "error": 0.022741747789140534,
            "cl": 0.68268949
        }
    },
    "mu1_3Gauss_psi2S_high_2017_GTIS": {
        "value": 324.3337577078344,
        "hesse": {
            "error": 4.697918157984059,
            "cl": 0.68268949
        }
    },
    "sigma1_3Gauss_psi2S_high_2017_GTIS": {
        "value": 39.99999694648617,
        "hesse": {
            "error": 0.0035586333794838543,
            "cl": 0.68268949
        }
    },
    "mu2_3Gauss_psi2S_high_2017_GTIS": {
        "value": 799.9997159360981,
        "hesse": {
            "error": 0.04623165074867515,
            "cl": 0.68268949
        }
    },
    "sigma2_3Gauss_psi2S_high_2017_GTIS": {
        "value": 79.99994181273703,
        "hesse": {
            "error": 0.012717704248013587,
            "cl": 0.68268949
        }
    },
    "mu3_3Gauss_psi2S_high_2017_GTIS": {
        "value": 477.6901524038925,
        "hesse": {
            "error": 11.795690164990303,
            "cl": 0.68268949
        }
    },
    "sigma3_3Gauss_psi2S_high_2017_GTIS": {
        "value": 116.46254325669061,
        "hesse": {
            "error": 8.034855087088193,
            "cl": 0.68268949
        }
    }
}