{
    "mu_DSCB_2_2017_ETOS": {
        "value": 5266.593382902856,
        "hesse": {
            "error": 1.434172143014666,
            "cl": 0.68268949
        }
    },
    "sigma_DSCB_2_2017_ETOS": {
        "value": 63.117508970427494,
        "hesse": {
            "error": 3.3800772952286327,
            "cl": 0.68268949
        }
    },
    "alphal_DSCB_2_2017_ETOS": {
        "value": 0.8113585536380338,
        "hesse": {
            "error": 0.05024861952065156,
            "cl": 0.68268949
        }
    },
    "nl_DSCB_2_2017_ETOS": {
        "value": 136.30762852856324,
        "hesse": {
            "error": 77.52308205461252,
            "cl": 0.68268949
        }
    },
    "alphar_DSCB_2_2017_ETOS": {
        "value": 0.7460897531094925,
        "hesse": {
            "error": 0.05759086903997145,
            "cl": 0.68268949
        }
    },
    "nr_DSCB_2_2017_ETOS": {
        "value": 6.763165773925419,
        "hesse": {
            "error": 1.0767924369795014,
            "cl": 0.68268949
        }
    }
}