{
    "frac1_3Gauss_ee_1_2017_ETOS": {
        "value": 0.421267907967122,
        "hesse": {
            "error": 0.03366775605447278,
            "cl": 0.68268949
        }
    },
    "_frac2_3Gauss_ee_1_2017_ETOS": {
        "value": 0.7022328778862713,
        "hesse": {
            "error": 0.03989396999371695,
            "cl": 0.68268949
        }
    },
    "mu1_3Gauss_ee_1_2017_ETOS": {
        "value": 5247.412454915848,
        "hesse": {
            "error": 1.80430442998011,
            "cl": 0.68268949
        }
    },
    "sigma1_3Gauss_ee_1_2017_ETOS": {
        "value": 45.93103323935517,
        "hesse": {
            "error": 2.043616201211394,
            "cl": 0.68268949
        }
    },
    "mu2_3Gauss_ee_1_2017_ETOS": {
        "value": 5201.664751529855,
        "hesse": {
            "error": 3.7579189258619716,
            "cl": 0.68268949
        }
    },
    "sigma2_3Gauss_ee_1_2017_ETOS": {
        "value": 106.18671930392463,
        "hesse": {
            "error": 7.213171719409116,
            "cl": 0.68268949
        }
    },
    "mu3_3Gauss_ee_1_2017_ETOS": {
        "value": 5249.502067287209,
        "hesse": {
            "error": 9.435535146320698,
            "cl": 0.68268949
        }
    },
    "sigma3_3Gauss_ee_1_2017_ETOS": {
        "value": 219.38867301033713,
        "hesse": {
            "error": 8.473008581043826,
            "cl": 0.68268949
        }
    }
}