{
    "f_sig_2011_psi2": {
        "value": 0.012069788571764951,
        "hesse": {
            "error": 0.003496654292849719,
            "cl": 0.68268949
        }
    },
    "B_mass_2011_psi2": {
        "value": 5275.904879101512,
        "hesse": {
            "error": 12.671684999584885,
            "cl": 0.68268949
        }
    },
    "sigma_2011_psi2": {
        "value": 40.311917950405935,
        "hesse": {
            "error": 12.85495853395526,
            "cl": 0.68268949
        }
    },
    "cmb_mm_mu_2011_psi2": {
        "value": 4109.406211202063,
        "hesse": {
            "error": 6.649248286024355,
            "cl": 0.68268949
        }
    },
    "cmb_mm_scale_2011_psi2": {
        "value": 0.8721702118814955,
        "hesse": {
            "error": 1.8256861673021505,
            "cl": 0.68268949
        }
    },
    "cmb_mm_a_2011_psi2": {
        "value": -10.530372453298828,
        "hesse": {
            "error": 2.9679440443287164,
            "cl": 0.68268949
        }
    },
    "cmb_mm_b_2011_psi2": {
        "value": 1.401285744057303,
        "hesse": {
            "error": 0.028901062839327592,
            "cl": 0.68268949
        }
    }
}