{
    "f_sig_2017_psi2": {
        "value": 0.006217737192664929,
        "hesse": {
            "error": 0.001320879941921554,
            "cl": 0.68268949
        }
    },
    "B_mass_2017_psi2": {
        "value": 5276.639526680886,
        "hesse": {
            "error": 4.371833396776492,
            "cl": 0.68268949
        }
    },
    "sigma_2017_psi2": {
        "value": 18.441941796832584,
        "hesse": {
            "error": 4.770906338012898,
            "cl": 0.68268949
        }
    },
    "cmb_mm_mu_2017_psi2": {
        "value": 4075.270807893054,
        "hesse": {
            "error": 5.745160446438696,
            "cl": 0.68268949
        }
    },
    "cmb_mm_scale_2017_psi2": {
        "value": 0.9342005146721335,
        "hesse": {
            "error": 0.9996440654185861,
            "cl": 0.68268949
        }
    },
    "cmb_mm_a_2017_psi2": {
        "value": -11.472183684316676,
        "hesse": {
            "error": 1.6600183469193048,
            "cl": 0.68268949
        }
    },
    "cmb_mm_b_2017_psi2": {
        "value": 1.5160348788474953,
        "hesse": {
            "error": 0.02160113209346011,
            "cl": 0.68268949
        }
    }
}