{
    "mu_DSCB_0_2018_ETOS": {
        "value": 5242.763201365297,
        "hesse": {
            "error": 0.8195571685691823,
            "cl": 0.68268949
        }
    },
    "sigma_DSCB_0_2018_ETOS": {
        "value": 30.001491881251376,
        "hesse": {
            "error": 0.429368302034193,
            "cl": 0.68268949
        }
    },
    "alphal_DSCB_0_2018_ETOS": {
        "value": 0.31901042082110953,
        "hesse": {
            "error": 6.087031813806063e-07,
            "cl": 0.68268949
        }
    },
    "nl_DSCB_0_2018_ETOS": {
        "value": 118.721286538668,
        "hesse": {
            "error": 1.0841615637290848e-05,
            "cl": 0.68268949
        }
    },
    "alphar_DSCB_0_2018_ETOS": {
        "value": 2.8683376411321797,
        "hesse": {
            "error": 0.23889322525777218,
            "cl": 0.68268949
        }
    },
    "nr_DSCB_0_2018_ETOS": {
        "value": 2.080225561599811,
        "hesse": {
            "error": 0.8205837875875828,
            "cl": 0.68268949
        }
    }
}