{
    "frac1_3Gauss_Jpsi_psi2S_2017_ETOS": {
        "value": 0.5685270320574264,
        "hesse": {
            "error": 0.013516357328932834,
            "cl": 0.68268949
        }
    },
    "_frac2_3Gauss_Jpsi_psi2S_2017_ETOS": {
        "value": 0.09213209202237724,
        "hesse": {
            "error": 0.008171994331249557,
            "cl": 0.68268949
        }
    },
    "mu1_3Gauss_Jpsi_psi2S_2017_ETOS": {
        "value": 94.33739316111506,
        "hesse": {
            "error": 1.0008564198844963,
            "cl": 0.68268949
        }
    },
    "sigma1_3Gauss_Jpsi_psi2S_2017_ETOS": {
        "value": 27.912836708343036,
        "hesse": {
            "error": 1.0249960427631588,
            "cl": 0.68268949
        }
    },
    "mu2_3Gauss_Jpsi_psi2S_2017_ETOS": {
        "value": 560.566753309788,
        "hesse": {
            "error": 11.40063932062202,
            "cl": 0.68268949
        }
    },
    "sigma2_3Gauss_Jpsi_psi2S_2017_ETOS": {
        "value": 79.99998983872928,
        "hesse": {
            "error": 0.002447274691266095,
            "cl": 0.68268949
        }
    },
    "mu3_3Gauss_Jpsi_psi2S_2017_ETOS": {
        "value": 219.48337861278293,
        "hesse": {
            "error": 4.2417023032215,
            "cl": 0.68268949
        }
    },
    "sigma3_3Gauss_Jpsi_psi2S_2017_ETOS": {
        "value": 90.92177667896331,
        "hesse": {
            "error": 2.562504038110494,
            "cl": 0.68268949
        }
    }
}