{
    "frac1_2Gauss_mm_r1_MTOS": {
        "value": 0.8803662828537144,
        "hesse": {
            "error": 0.004747568177900009,
            "cl": 0.68268949
        }
    },
    "mu1_2Gauss_mm_r1_MTOS": {
        "value": 5280.5782912453715,
        "hesse": {
            "error": 0.023444575807273847,
            "cl": 0.68268949
        }
    },
    "sigma1_2Gauss_mm_r1_MTOS": {
        "value": 16.36422635156035,
        "hesse": {
            "error": 0.07591269311540552,
            "cl": 0.68268949
        }
    },
    "mu2_2Gauss_mm_r1_MTOS": {
        "value": 5260.3834797858135,
        "hesse": {
            "error": 1.012243029492787,
            "cl": 0.68268949
        }
    },
    "sigma2_2Gauss_mm_r1_MTOS": {
        "value": 46.58057685654218,
        "hesse": {
            "error": 1.085288330598103,
            "cl": 0.68268949
        }
    }
}