{
    "mu_CB_ee_0_r2p1_ETOS": {
        "value": 5239.851602900176,
        "hesse": {
            "error": 6.5164499852639475,
            "cl": 0.68268949
        }
    },
    "sigma_CB_ee_0_r2p1_ETOS": {
        "value": 30.374261230505816,
        "hesse": {
            "error": 3.8306388082049647,
            "cl": 0.68268949
        }
    },
    "alpha_CB_ee_0_r2p1_ETOS": {
        "value": 0.34884860890966685,
        "hesse": {
            "error": 0.05139401843353744,
            "cl": 0.68268949
        }
    },
    "n_CB_ee_0_r2p1_ETOS": {
        "value": 9.999978683394877,
        "hesse": {
            "error": 3.361397454787179e-06,
            "cl": 0.68268949
        }
    }
}