{
    "frac1_3Gauss_ee_1_r2p1_GTIS": {
        "value": 0.5705967067396115,
        "hesse": {
            "error": 0.6240574283128605,
            "cl": 0.68268949
        }
    },
    "_frac2_3Gauss_ee_1_r2p1_GTIS": {
        "value": 0.556600925912074,
        "hesse": {
            "error": 0.7339349002327449,
            "cl": 0.68268949
        }
    },
    "mu1_3Gauss_ee_1_r2p1_GTIS": {
        "value": 5240.357312592943,
        "hesse": {
            "error": 12.422853573098175,
            "cl": 0.68268949
        }
    },
    "sigma1_3Gauss_ee_1_r2p1_GTIS": {
        "value": 67.22589548772963,
        "hesse": {
            "error": 25.60731563714331,
            "cl": 0.68268949
        }
    },
    "mu2_3Gauss_ee_1_r2p1_GTIS": {
        "value": 5157.443663109347,
        "hesse": {
            "error": 217.20979233818733,
            "cl": 0.68268949
        }
    },
    "sigma2_3Gauss_ee_1_r2p1_GTIS": {
        "value": 109.72045420206496,
        "hesse": {
            "error": 43.82121944362438,
            "cl": 0.68268949
        }
    },
    "mu3_3Gauss_ee_1_r2p1_GTIS": {
        "value": 5282.666511954866,
        "hesse": {
            "error": 30.296193871021874,
            "cl": 0.68268949
        }
    },
    "sigma3_3Gauss_ee_1_r2p1_GTIS": {
        "value": 240.12740763164493,
        "hesse": {
            "error": 24.66513925624059,
            "cl": 0.68268949
        }
    }
}