{
    "frac1_3Gauss_ee_2_r1_GTIS": {
        "value": 0.5102026330672466,
        "hesse": {
            "error": 0.08011920299895559,
            "cl": 0.68268949
        }
    },
    "_frac2_3Gauss_ee_2_r1_GTIS": {
        "value": 0.25036924480907385,
        "hesse": {
            "error": 0.05289918039438596,
            "cl": 0.68268949
        }
    },
    "mu1_3Gauss_ee_2_r1_GTIS": {
        "value": 5274.142677521843,
        "hesse": {
            "error": 1.3067953980286975,
            "cl": 0.68268949
        }
    },
    "sigma1_3Gauss_ee_2_r1_GTIS": {
        "value": 74.39926494155772,
        "hesse": {
            "error": 7.600830414698754,
            "cl": 0.68268949
        }
    },
    "mu2_3Gauss_ee_2_r1_GTIS": {
        "value": 5599.9996184262745,
        "hesse": {
            "error": 0.000386732087411054,
            "cl": 0.68268949
        }
    },
    "sigma2_3Gauss_ee_2_r1_GTIS": {
        "value": 149.999998707362,
        "hesse": {
            "error": 3.2860830718686275e-06,
            "cl": 0.68268949
        }
    },
    "mu3_3Gauss_ee_2_r1_GTIS": {
        "value": 5267.712937949878,
        "hesse": {
            "error": 11.853352766577741,
            "cl": 0.68268949
        }
    },
    "sigma3_3Gauss_ee_2_r1_GTIS": {
        "value": 179.3137885205057,
        "hesse": {
            "error": 17.14863007466047,
            "cl": 0.68268949
        }
    }
}