{
    "frac1_3Gauss_psi2S_psi2S_2018_GTIS": {
        "value": 0.33276489819235233,
        "hesse": {
            "error": 0.006452435354663665,
            "cl": 0.68268949
        }
    },
    "_frac2_3Gauss_psi2S_psi2S_2018_GTIS": {
        "value": 1.1049495736784043e-12,
        "hesse": {
            "error": 4.740229507129508e-08,
            "cl": 0.68268949
        }
    },
    "mu1_3Gauss_psi2S_psi2S_2018_GTIS": {
        "value": -42.63198028294493,
        "hesse": {
            "error": 1.0107913468193332,
            "cl": 0.68268949
        }
    },
    "sigma1_3Gauss_psi2S_psi2S_2018_GTIS": {
        "value": 39.999999999747196,
        "hesse": {
            "error": 7.070163003263934e-06,
            "cl": 0.68268949
        }
    },
    "mu2_3Gauss_psi2S_psi2S_2018_GTIS": {
        "value": -282.5557329131934,
        "hesse": {
            "error": 1131.5791003020213,
            "cl": 0.68268949
        }
    },
    "sigma2_3Gauss_psi2S_psi2S_2018_GTIS": {
        "value": 77.01437185166976,
        "hesse": {
            "error": 14.867009167419708,
            "cl": 0.68268949
        }
    },
    "mu3_3Gauss_psi2S_psi2S_2018_GTIS": {
        "value": -95.30663266829605,
        "hesse": {
            "error": 1.6173047887864627,
            "cl": 0.68268949
        }
    },
    "sigma3_3Gauss_psi2S_psi2S_2018_GTIS": {
        "value": 177.67834279352545,
        "hesse": {
            "error": 1.273545434269041,
            "cl": 0.68268949
        }
    }
}