{
    "f_sig_2017_jpsi": {
        "value": 0.010458524995600202,
        "hesse": {
            "error": 0.00034427754765943347,
            "cl": 0.68268949
        }
    },
    "B_mass_2017_jpsi": {
        "value": 5277.545333508808,
        "hesse": {
            "error": 0.7620232884912717,
            "cl": 0.68268949
        }
    },
    "sigma_2017_jpsi": {
        "value": 21.013502813959484,
        "hesse": {
            "error": 0.7922093904015157,
            "cl": 0.68268949
        }
    },
    "cmb_mm_mu_2017_jpsi": {
        "value": 3500.002994172751,
        "hesse": {
            "error": 0.1318098477973187,
            "cl": 0.68268949
        }
    },
    "cmb_mm_scale_2017_jpsi": {
        "value": 56.75073768944751,
        "hesse": {
            "error": 0.9196477688343121,
            "cl": 0.68268949
        }
    },
    "cmb_mm_a_2017_jpsi": {
        "value": -5.55408172521049,
        "hesse": {
            "error": 0.02561049610667359,
            "cl": 0.68268949
        }
    },
    "cmb_mm_b_2017_jpsi": {
        "value": 1.5660091277597996,
        "hesse": {
            "error": 0.007777395671805076,
            "cl": 0.68268949
        }
    }
}