{
    "correction_DSCB_mu_psi2S_Jpsi_2017_ETOS": {
        "value": -95.92254763587124
    },
    "correction_DSCB_sigma_psi2S_Jpsi_2017_ETOS": {
        "value": 0.8081861186804238
    },
    "correction_DSCB_al_psi2S_Jpsi_2017_ETOS": {
        "value": 0.008996391569115492
    },
    "correction_DSCB_nl_psi2S_Jpsi_2017_ETOS": {
        "value": 6.7395107479936405
    },
    "correction_DSCB_ar_psi2S_Jpsi_2017_ETOS": {
        "value": 9.889378169594393
    },
    "correction_DSCB_nr_psi2S_Jpsi_2017_ETOS": {
        "value": 40.46272350463636
    }
}