{
    "mu_DSCB_0_2012_ETOS": {
        "value": 5243.826140372371,
        "hesse": {
            "error": 2.6572878731750484,
            "cl": 0.68268949
        }
    },
    "sigma_DSCB_0_2012_ETOS": {
        "value": 28.522102098861712,
        "hesse": {
            "error": 1.7295531978603327,
            "cl": 0.68268949
        }
    },
    "alphal_DSCB_0_2012_ETOS": {
        "value": 0.28813173807179915,
        "hesse": {
            "error": 0.02143830058063653,
            "cl": 0.68268949
        }
    },
    "nl_DSCB_0_2012_ETOS": {
        "value": 116.97525377834171,
        "hesse": {
            "error": 89.0050087970953,
            "cl": 0.68268949
        }
    },
    "alphar_DSCB_0_2012_ETOS": {
        "value": 4.526063576198702,
        "hesse": {
            "error": 18.25153094131441,
            "cl": 0.68268949
        }
    },
    "nr_DSCB_0_2012_ETOS": {
        "value": 84.40799574731162,
        "hesse": {
            "error": 9553.23152142258,
            "cl": 0.68268949
        }
    }
}