{
    "frac1_3Gauss_ee_2_2018_GTIS": {
        "value": 0.44968622136988773,
        "hesse": {
            "error": 0.08924227603545322,
            "cl": 0.68268949
        }
    },
    "_frac2_3Gauss_ee_2_2018_GTIS": {
        "value": 0.19021808365035545,
        "hesse": {
            "error": 0.03832835255299558,
            "cl": 0.68268949
        }
    },
    "mu1_3Gauss_ee_2_2018_GTIS": {
        "value": 5262.777232769259,
        "hesse": {
            "error": 4.457427956609824,
            "cl": 0.68268949
        }
    },
    "sigma1_3Gauss_ee_2_2018_GTIS": {
        "value": 72.32000666453565,
        "hesse": {
            "error": 8.286993897223658,
            "cl": 0.68268949
        }
    },
    "mu2_3Gauss_ee_2_2018_GTIS": {
        "value": 5599.999692559962,
        "hesse": {
            "error": 0.05825575564337943,
            "cl": 0.68268949
        }
    },
    "sigma2_3Gauss_ee_2_2018_GTIS": {
        "value": 149.99956566515107,
        "hesse": {
            "error": 0.04232432238536922,
            "cl": 0.68268949
        }
    },
    "mu3_3Gauss_ee_2_2018_GTIS": {
        "value": 5262.505595931983,
        "hesse": {
            "error": 9.021471656358555,
            "cl": 0.68268949
        }
    },
    "sigma3_3Gauss_ee_2_2018_GTIS": {
        "value": 157.86993474599058,
        "hesse": {
            "error": 10.567149210600025,
            "cl": 0.68268949
        }
    }
}