{
    "frac1_3Gauss_ee_2_r2p1_ETOS": {
        "value": 0.47939261024291097,
        "hesse": {
            "error": 0.07407943896748281,
            "cl": 0.68268949
        }
    },
    "_frac2_3Gauss_ee_2_r2p1_ETOS": {
        "value": 0.7296533961015491,
        "hesse": {
            "error": 0.12916155204926622,
            "cl": 0.68268949
        }
    },
    "mu1_3Gauss_ee_2_r2p1_ETOS": {
        "value": 5267.029564140698,
        "hesse": {
            "error": 0.5814896958042872,
            "cl": 0.68268949
        }
    },
    "sigma1_3Gauss_ee_2_r2p1_ETOS": {
        "value": 61.645879114877204,
        "hesse": {
            "error": 4.434917065193203,
            "cl": 0.68268949
        }
    },
    "mu2_3Gauss_ee_2_r2p1_ETOS": {
        "value": 5274.946023416096,
        "hesse": {
            "error": 10.34142671449059,
            "cl": 0.68268949
        }
    },
    "sigma2_3Gauss_ee_2_r2p1_ETOS": {
        "value": 141.420687904975,
        "hesse": {
            "error": 23.267024325700543,
            "cl": 0.68268949
        }
    },
    "mu3_3Gauss_ee_2_r2p1_ETOS": {
        "value": 5393.966516619563,
        "hesse": {
            "error": 49.71528080859635,
            "cl": 0.68268949
        }
    },
    "sigma3_3Gauss_ee_2_r2p1_ETOS": {
        "value": 236.4663444657832,
        "hesse": {
            "error": 20.650186073483976,
            "cl": 0.68268949
        }
    }
}