{
    "frac1_3Gauss_psi2S_Jpsi_2016_GTIS": {
        "value": 0.42852878280659235,
        "hesse": {
            "error": 0.013779578320884469,
            "cl": 0.68268949
        }
    },
    "_frac2_3Gauss_psi2S_Jpsi_2016_GTIS": {
        "value": 0.7085809853793635,
        "hesse": {
            "error": 0.012036510308725393,
            "cl": 0.68268949
        }
    },
    "mu1_3Gauss_psi2S_Jpsi_2016_GTIS": {
        "value": -131.49627654362837,
        "hesse": {
            "error": 1.1333093597066775,
            "cl": 0.68268949
        }
    },
    "sigma1_3Gauss_psi2S_Jpsi_2016_GTIS": {
        "value": 23.76227765536271,
        "hesse": {
            "error": 1.1555703956504084,
            "cl": 0.68268949
        }
    },
    "mu2_3Gauss_psi2S_Jpsi_2016_GTIS": {
        "value": -253.86712741658803,
        "hesse": {
            "error": 4.1175928277722065,
            "cl": 0.68268949
        }
    },
    "sigma2_3Gauss_psi2S_Jpsi_2016_GTIS": {
        "value": 79.9999969326902,
        "hesse": {
            "error": 0.002410350715856191,
            "cl": 0.68268949
        }
    },
    "mu3_3Gauss_psi2S_Jpsi_2016_GTIS": {
        "value": -511.99501296033515,
        "hesse": {
            "error": 9.981063859807637,
            "cl": 0.68268949
        }
    },
    "sigma3_3Gauss_psi2S_Jpsi_2016_GTIS": {
        "value": 217.65247376777657,
        "hesse": {
            "error": 5.197496013363347,
            "cl": 0.68268949
        }
    }
}