{
    "mu_DSCB_0_2016_GTIS": {
        "value": 5243.996965646352,
        "hesse": {
            "error": 6.584059549267938,
            "cl": 0.68268949
        }
    },
    "sigma_DSCB_0_2016_GTIS": {
        "value": 24.862302558293337,
        "hesse": {
            "error": 4.110999786524458,
            "cl": 0.68268949
        }
    },
    "alphal_DSCB_0_2016_GTIS": {
        "value": 0.24709125486052685,
        "hesse": {
            "error": 0.04826009144024446,
            "cl": 0.68268949
        }
    },
    "nl_DSCB_0_2016_GTIS": {
        "value": 113.7495891875128,
        "hesse": {
            "error": 120.18715407501993,
            "cl": 0.68268949
        }
    },
    "alphar_DSCB_0_2016_GTIS": {
        "value": 3.600987663136433,
        "hesse": {
            "error": 5.629431716356254,
            "cl": 0.68268949
        }
    },
    "nr_DSCB_0_2016_GTIS": {
        "value": 71.79967127234914,
        "hesse": {
            "error": 2422.243500573849,
            "cl": 0.68268949
        }
    }
}