{
    "mu_DSCB_2_2012_ETOS": {
        "value": 5268.559407689901,
        "hesse": {
            "error": 2.926364236178565,
            "cl": 0.68268949
        }
    },
    "sigma_DSCB_2_2012_ETOS": {
        "value": 60.654138282031,
        "hesse": {
            "error": 6.070215981774378,
            "cl": 0.68268949
        }
    },
    "alphal_DSCB_2_2012_ETOS": {
        "value": 0.755673703483817,
        "hesse": {
            "error": 0.1128194173298962,
            "cl": 0.68268949
        }
    },
    "nl_DSCB_2_2012_ETOS": {
        "value": 34.70354747680876,
        "hesse": {
            "error": 45.908565752487505,
            "cl": 0.68268949
        }
    },
    "alphar_DSCB_2_2012_ETOS": {
        "value": 0.711157171133702,
        "hesse": {
            "error": 0.09030797050244323,
            "cl": 0.68268949
        }
    },
    "nr_DSCB_2_2012_ETOS": {
        "value": 8.701873148998574,
        "hesse": {
            "error": 3.2048960782377356,
            "cl": 0.68268949
        }
    }
}