{
    "mu_DSCB_2_2016_ETOS": {
        "value": 5267.025972829992,
        "hesse": {
            "error": 1.5091863934616871,
            "cl": 0.68268949
        }
    },
    "sigma_DSCB_2_2016_ETOS": {
        "value": 65.25823906872793,
        "hesse": {
            "error": 3.1662871406704696,
            "cl": 0.68268949
        }
    },
    "alphal_DSCB_2_2016_ETOS": {
        "value": 0.853198646192967,
        "hesse": {
            "error": 0.050218670829562204,
            "cl": 0.68268949
        }
    },
    "nl_DSCB_2_2016_ETOS": {
        "value": 133.8883109454472,
        "hesse": {
            "error": 127.01129043957667,
            "cl": 0.68268949
        }
    },
    "alphar_DSCB_2_2016_ETOS": {
        "value": 0.7619567895596192,
        "hesse": {
            "error": 0.05600227746214996,
            "cl": 0.68268949
        }
    },
    "nr_DSCB_2_2016_ETOS": {
        "value": 7.064421845237129,
        "hesse": {
            "error": 1.2254998131336616,
            "cl": 0.68268949
        }
    }
}