{
    "frac1_2Gauss_mm_all_MTOS": {
        "value": 0.8783159959397709,
        "hesse": {
            "error": 0.002690767478328872,
            "cl": 0.68268949
        }
    },
    "mu1_2Gauss_mm_all_MTOS": {
        "value": 5280.9258141680375,
        "hesse": {
            "error": 0.014707205032938566,
            "cl": 0.68268949
        }
    },
    "sigma1_2Gauss_mm_all_MTOS": {
        "value": 16.26740288121757,
        "hesse": {
            "error": 0.04304112054658845,
            "cl": 0.68268949
        }
    },
    "mu2_2Gauss_mm_all_MTOS": {
        "value": 5260.152853921274,
        "hesse": {
            "error": 0.5601174213507514,
            "cl": 0.68268949
        }
    },
    "sigma2_2Gauss_mm_all_MTOS": {
        "value": 46.15757759942844,
        "hesse": {
            "error": 0.5937180876020248,
            "cl": 0.68268949
        }
    }
}