{
    "frac1_3Gauss_Jpsi_psi2S_2015_GTIS": {
        "value": 0.17136952170862332,
        "hesse": {
            "error": 0.00809079928517155,
            "cl": 0.68268949
        }
    },
    "_frac2_3Gauss_Jpsi_psi2S_2015_GTIS": {
        "value": 0.7125399247564737,
        "hesse": {
            "error": 0.01113175531556888,
            "cl": 0.68268949
        }
    },
    "mu1_3Gauss_Jpsi_psi2S_2015_GTIS": {
        "value": 245.79983765500955,
        "hesse": {
            "error": 3.478635253587369,
            "cl": 0.68268949
        }
    },
    "sigma1_3Gauss_Jpsi_psi2S_2015_GTIS": {
        "value": 39.999996717822164,
        "hesse": {
            "error": 0.0015639596853309452,
            "cl": 0.68268949
        }
    },
    "mu2_3Gauss_Jpsi_psi2S_2015_GTIS": {
        "value": 108.09216700516893,
        "hesse": {
            "error": 1.0477010380564467,
            "cl": 0.68268949
        }
    },
    "sigma2_3Gauss_Jpsi_psi2S_2015_GTIS": {
        "value": 40.00000000711615,
        "hesse": {
            "error": 6.138500085533113e-05,
            "cl": 0.68268949
        }
    },
    "mu3_3Gauss_Jpsi_psi2S_2015_GTIS": {
        "value": 406.88333578102726,
        "hesse": {
            "error": 8.741159507726639,
            "cl": 0.68268949
        }
    },
    "sigma3_3Gauss_Jpsi_psi2S_2015_GTIS": {
        "value": 181.54419662893056,
        "hesse": {
            "error": 4.625620697951822,
            "cl": 0.68268949
        }
    }
}