{
    "frac1_3Gauss_Jpsi_psi2S_2015_ETOS": {
        "value": 0.4272933479556509,
        "hesse": {
            "error": 0.017479874431303534,
            "cl": 0.68268949
        }
    },
    "_frac2_3Gauss_Jpsi_psi2S_2015_ETOS": {
        "value": 0.6949158965813084,
        "hesse": {
            "error": 0.014741922819954522,
            "cl": 0.68268949
        }
    },
    "mu1_3Gauss_Jpsi_psi2S_2015_ETOS": {
        "value": 82.86018446563575,
        "hesse": {
            "error": 1.0308933149774866,
            "cl": 0.68268949
        }
    },
    "sigma1_3Gauss_Jpsi_psi2S_2015_ETOS": {
        "value": 15.520698538672066,
        "hesse": {
            "error": 1.381384250292637,
            "cl": 0.68268949
        }
    },
    "mu2_3Gauss_Jpsi_psi2S_2015_ETOS": {
        "value": 160.07037948497364,
        "hesse": {
            "error": 3.4547443838984933,
            "cl": 0.68268949
        }
    },
    "sigma2_3Gauss_Jpsi_psi2S_2015_ETOS": {
        "value": 55.772769658643526,
        "hesse": {
            "error": 1.8868121401719737,
            "cl": 0.68268949
        }
    },
    "mu3_3Gauss_Jpsi_psi2S_2015_ETOS": {
        "value": 340.367886702129,
        "hesse": {
            "error": 7.933971020692207,
            "cl": 0.68268949
        }
    },
    "sigma3_3Gauss_Jpsi_psi2S_2015_ETOS": {
        "value": 157.8788026025626,
        "hesse": {
            "error": 3.2852948093461705,
            "cl": 0.68268949
        }
    }
}