{
    "f_sig_2015_jpsi": {
        "value": 0.012644468935453894,
        "hesse": {
            "error": 0.0013917736147466225,
            "cl": 0.68268949
        }
    },
    "B_mass_2015_jpsi": {
        "value": 5274.733613765865,
        "hesse": {
            "error": 5.625185168355141,
            "cl": 0.68268949
        }
    },
    "sigma_2015_jpsi": {
        "value": 49.999605958652744,
        "hesse": {
            "error": 0.18448427257932065,
            "cl": 0.68268949
        }
    },
    "cmb_mm_mu_2015_jpsi": {
        "value": 3500.0006530737114,
        "hesse": {
            "error": 0.14006643577758382,
            "cl": 0.68268949
        }
    },
    "cmb_mm_scale_2015_jpsi": {
        "value": 99.9814403521671,
        "hesse": {
            "error": 0.8699313789901618,
            "cl": 0.68268949
        }
    },
    "cmb_mm_a_2015_jpsi": {
        "value": -4.398080956663879,
        "hesse": {
            "error": 0.05026904332988552,
            "cl": 0.68268949
        }
    },
    "cmb_mm_b_2015_jpsi": {
        "value": 1.4215895805730445,
        "hesse": {
            "error": 0.02323873885980931,
            "cl": 0.68268949
        }
    }
}