{
    "mu_DSCB_0_2015_ETOS": {
        "value": 5243.2049097506215
    },
    "sigma_DSCB_0_2015_ETOS": {
        "value": 29.127249240343136
    },
    "alphal_DSCB_0_2015_ETOS": {
        "value": 0.29226182298846354
    },
    "nl_DSCB_0_2015_ETOS": {
        "value": 116.53922907152766
    },
    "alphar_DSCB_0_2015_ETOS": {
        "value": 8.722178145306973
    },
    "nr_DSCB_0_2015_ETOS": {
        "value": 114.28346164182226
    }
}