{
    "frac1_3Gauss_Jpsi_psi2S_2012_GTIS": {
        "value": 0.4356230706661509,
        "hesse": {
            "error": 0.020059053194066912,
            "cl": 0.68268949
        }
    },
    "_frac2_3Gauss_Jpsi_psi2S_2012_GTIS": {
        "value": 0.6780136156360529,
        "hesse": {
            "error": 0.02568680028278695,
            "cl": 0.68268949
        }
    },
    "mu1_3Gauss_Jpsi_psi2S_2012_GTIS": {
        "value": 94.29002315851835,
        "hesse": {
            "error": 1.5751043497705226,
            "cl": 0.68268949
        }
    },
    "sigma1_3Gauss_Jpsi_psi2S_2012_GTIS": {
        "value": 27.328639769161747,
        "hesse": {
            "error": 1.5948042422820303,
            "cl": 0.68268949
        }
    },
    "mu2_3Gauss_Jpsi_psi2S_2012_GTIS": {
        "value": 207.0408293544115,
        "hesse": {
            "error": 6.121749862981489,
            "cl": 0.68268949
        }
    },
    "sigma2_3Gauss_Jpsi_psi2S_2012_GTIS": {
        "value": 78.9035013202102,
        "hesse": {
            "error": 3.4719396135307896,
            "cl": 0.68268949
        }
    },
    "mu3_3Gauss_Jpsi_psi2S_2012_GTIS": {
        "value": 439.5316514287869,
        "hesse": {
            "error": 15.955315035693298,
            "cl": 0.68268949
        }
    },
    "sigma3_3Gauss_Jpsi_psi2S_2012_GTIS": {
        "value": 187.8226331302897,
        "hesse": {
            "error": 6.913449564768097,
            "cl": 0.68268949
        }
    }
}