{
    "f0": 0.18214867744766203,
    "f1": 0.49404538046884794,
    "f2": 0.32380594208349006
}