{
    "f0": 0.060378086419753084,
    "f1": 0.43460648148148145,
    "f2": 0.5050154320987654
}