{
    "a": [
        -754.9848186282182,
        129.17388105979214
    ],
    "b": [
        4266.014649067255,
        605.4737934201304
    ],
    "npr_ee_all_TOS_sb_fits_5": [
        419.3541911282436,
        114.39587732506654
    ],
    "mu_cb_ee_all_TOS_sb_fits_5": [
        4263.371677495731,
        72.15557378002096
    ],
    "lm_cb_ee_all_TOS_sb_fits_5": [
        32.76270077901567,
        6.988413810579106
    ],
    "npr_ee_all_TOS_sb_fits_4": [
        545.6638939611371,
        131.44406230111545
    ],
    "mu_cb_ee_all_TOS_sb_fits_4": [
        4115.3885990582185,
        58.923577583838544
    ],
    "lm_cb_ee_all_TOS_sb_fits_4": [
        57.1606812215089,
        7.396293347084653
    ]
}