{
    "ncb_ee_r1_TOS_": [
        464.7053653210468,
        87.9314944537318
    ],
    "npr_ee_r1_TOS_": [
        182.88848584428672,
        86.87965876435558
    ]
}