{
    "ncb_ee_all_TOS_sb_fits_5": [
        588.0510282706856,
        86.8464843117358
    ],
    "npr_ee_all_TOS_sb_fits_5": [
        365.5630876277029,
        47.40359260767681
    ],
    "mu_cb_ee_all_TOS_sb_fits_5": [
        4249.839113608718,
        47.75625536845876
    ],
    "lm_cb_ee_all_TOS_sb_fits_5": [
        34.71811789672427,
        2.6084654247705372
    ],
    "ncb_ee_all_TOS_sb_fits_4": [
        1434.9532778466148,
        131.24265910037596
    ],
    "npr_ee_all_TOS_sb_fits_4": [
        294.16323885103117,
        60.8566097288668
    ],
    "mu_cb_ee_all_TOS_sb_fits_4": [
        4061.463828869588,
        53.86734607472766
    ],
    "lm_cb_ee_all_TOS_sb_fits_4": [
        51.589921374834276,
        3.519681264106533
    ],
    "ncb_ee_all_TOS_sb_fits_3": [
        1350.5727507947831,
        141.61597358200868
    ],
    "npr_ee_all_TOS_sb_fits_3": [
        124.19107115916853,
        58.55750763269559
    ],
    "mu_cb_ee_all_TOS_sb_fits_3": [
        4116.34773446661,
        45.13522969361297
    ],
    "lm_cb_ee_all_TOS_sb_fits_3": [
        52.31958369893303,
        3.5048988482698937
    ],
    "ncb_ee_all_TOS_sb_fits_2": [
        1571.5064132452142,
        62.74039845358988
    ],
    "npr_ee_all_TOS_sb_fits_2": [
        30.490502513360852,
        48.75450448005017
    ],
    "mu_cb_ee_all_TOS_sb_fits_2": [
        4176.814954553584,
        27.529817605134674
    ],
    "lm_cb_ee_all_TOS_sb_fits_2": [
        47.88494872174595,
        1.6742076337797647
    ],
    "ncb_ee_all_TOS_sb_fits_1": [
        1745.4336577300505,
        41.871395066682624
    ],
    "npr_ee_all_TOS_sb_fits_1": [
        0.0001145121022717811,
        0.14831012380742664
    ],
    "mu_cb_ee_all_TOS_sb_fits_1": [
        4152.311066916434,
        27.09788642334109
    ],
    "lm_cb_ee_all_TOS_sb_fits_1": [
        50.37957602980346,
        1.6429585964575264
    ]
}