{
    "ncb_ee_all_TOS_": [
        44.70468791602709,
        156.92853147190425
    ],
    "npr_ee_all_TOS_": [
        869.9039423176673,
        158.19191002140965
    ],
    "mu_cb_ee_all_TOS_": [
        4202.566300568151,
        45.85072044051624
    ],
    "lm_cb_ee_all_TOS_": [
        45.372855516355216,
        2.3776240525439256
    ]
}