{
    "a": [
        -271.9531885510327,
        13.095266892990525
    ],
    "b": [
        2316.582779876569,
        38.8251704345908
    ],
    "npr_ee_all_TOS_sb_fits_5": [
        80.65328743533607,
        25.68815968021126
    ],
    "mu_cb_ee_all_TOS_sb_fits_5": [
        5979.002216502392,
        96.89430827572397
    ],
    "lm_cb_shr": [
        51.684259595812264,
        0.9629684293500397
    ],
    "npr_ee_all_TOS_sb_fits_4": [
        993.0620282240004,
        49.48007495753096
    ],
    "mu_cb_ee_all_TOS_sb_fits_4": [
        4569.648180004509,
        79.36255635941073
    ],
    "npr_ee_all_TOS_sb_fits_3": [
        288.2379172429943,
        33.19358141848489
    ],
    "mu_cb_ee_all_TOS_sb_fits_3": [
        4099.959579583371,
        28.60357312240798
    ],
    "npr_ee_all_TOS_sb_fits_2": [
        37.167810080855794,
        29.912337532995316
    ],
    "mu_cb_ee_all_TOS_sb_fits_2": [
        4118.404254232365,
        26.017020515799246
    ],
    "npr_ee_all_TOS_sb_fits_1": [
        0.0005629588402649571,
        0.11046760528230286
    ],
    "mu_cb_ee_all_TOS_sb_fits_1": [
        4074.0430500611924,
        28.166858769295185
    ]
}