{
    "ncb_ee_all_TOS_sb_fits": [
        491.20114204683244,
        122.59473197208222
    ],
    "npr_ee_all_TOS_sb_fits": [
        411.5018342700769,
        121.93383167140593
    ],
    "mu_cb_ee_all_TOS_sb_fits": [
        4272.766223124029,
        59.76753892867581
    ],
    "lm_cb_ee_all_TOS_sb_fits": [
        31.996109705346523,
        5.70121101340325
    ]
}