{
    "ncb_ee_2017_TOS_": [
        548.2463291458143,
        160.86320893556623
    ],
    "npr_ee_2017_TOS_": [
        537.1614225372242,
        160.75432328606738
    ],
    "mu_cb_ee_2017_TOS_": [
        4186.781927447499,
        37.24837742337556
    ],
    "lm_cb_ee_2017_TOS_": [
        45.48761338249586,
        2.356312097308223
    ]
}