{
    "ncb_ee_2018_TIS_": [
        213.28795947698438,
        79.48509921557421
    ],
    "npr_ee_2018_TIS_": [
        152.3411853432264,
        79.25042056578482
    ],
    "mu_cb_ee_2018_TIS_": [
        4158.122109839217,
        40.30614671417035
    ],
    "lm_cb_ee_2018_TIS_": [
        44.84730474921504,
        2.3561478045476782
    ]
}