{
    "ncb_ee_2018_TOS_": [
        725.4883462532306,
        138.81747257520746
    ],
    "npr_ee_2018_TOS_": [
        350.4648136092452,
        137.96819796687018
    ],
    "mu_cb_ee_2018_TOS_": [
        4176.408731422761,
        32.71030950451299
    ],
    "lm_cb_ee_2018_TOS_": [
        46.010614320161984,
        2.1907992774626797
    ]
}