{
    "a": [
        -243.1940099135954,
        87.78403703279969
    ],
    "b": [
        2194.2947937157587,
        177.57794629976087
    ],
    "npr_ee_all_TOS_sb_fits_3": [
        325.75197378008255,
        132.14682901748228
    ],
    "mu_cb_ee_all_TOS_sb_fits_3": [
        4161.567460986932,
        67.05925842518837
    ],
    "lm_cb_ee_all_TOS_sb_fits_3": [
        56.710626286497295,
        3.2213968184018196
    ],
    "npr_ee_all_TOS_sb_fits_2": [
        128.60017227386058,
        87.11188465745532
    ],
    "mu_cb_ee_all_TOS_sb_fits_2": [
        4107.163641900589,
        40.95821758240089
    ],
    "lm_cb_ee_all_TOS_sb_fits_2": [
        57.2035645916228,
        2.814346091283141
    ],
    "npr_ee_all_TOS_sb_fits_1": [
        0.029118893795035558,
        6.21262829919123
    ],
    "mu_cb_ee_all_TOS_sb_fits_1": [
        4114.58951908998,
        33.71155068146346
    ],
    "lm_cb_ee_all_TOS_sb_fits_1": [
        50.759873716151475,
        2.259717236095622
    ]
}