{
    "ncb_ee_2018_TIS_": [
        216.46675856932936,
        81.67849062211992
    ],
    "npr_ee_2018_TIS_": [
        155.95956265632216,
        81.45474063961451
    ],
    "mu_cb_ee_2018_TIS_": [
        4159.147738319608,
        40.653373477395355
    ],
    "lm_cb_ee_2018_TIS_": [
        44.84620940281975,
        2.3624324344401835
    ]
}