{
    "ncb_ee_2018_TIS_": [
        11.232567675988856,
        52.798786021221574
    ],
    "npr_ee_2018_TIS_": [
        172.95633220065966,
        53.56142272939463
    ],
    "mu_cb_ee_2018_TIS_": [
        4202.54721844189,
        47.05083174022206
    ],
    "lm_cb_ee_2018_TIS_": [
        45.38397909266986,
        2.3753510844713164
    ]
}