{
    "ncb_mm_r2p1_TOS_": [
        6.310882691239452,
        4.099607971558135
    ],
    "mu_cb_mm_r2p1_TOS_": [
        4168.5842969526575,
        32.31524218015739
    ],
    "lm_cb_mm_r2p1_TOS_": [
        45.87476401678055,
        1.6656103537688878
    ]
}