{
    "mu_DSCB_0_2016_ETOS": {
        "value": 5243.567306893164,
        "hesse": {
            "error": 1.6853436586018267,
            "cl": 0.68268949
        }
    },
    "sigma_DSCB_0_2016_ETOS": {
        "value": 28.584845684321664,
        "hesse": {
            "error": 1.0638048139970584,
            "cl": 0.68268949
        }
    },
    "alphal_DSCB_0_2016_ETOS": {
        "value": 0.2778391398605212,
        "hesse": {
            "error": 0.012566111691719228,
            "cl": 0.68268949
        }
    },
    "nl_DSCB_0_2016_ETOS": {
        "value": 116.21581614495231,
        "hesse": {
            "error": 39.7375391696676,
            "cl": 0.68268949
        }
    },
    "alphar_DSCB_0_2016_ETOS": {
        "value": 4.887616550825594,
        "hesse": {
            "error": 18.362460300506903,
            "cl": 0.68268949
        }
    },
    "nr_DSCB_0_2016_ETOS": {
        "value": 91.35041010131091,
        "hesse": {
            "error": 12625.381371478796,
            "cl": 0.68268949
        }
    }
}