{
    "frac1_3Gauss_psi2S_high_2011_ETOS": {
        "value": 0.5340001793705464,
        "hesse": {
            "error": 0.0645401464863313,
            "cl": 0.68268949
        }
    },
    "_frac2_3Gauss_psi2S_high_2011_ETOS": {
        "value": 0.609964205714702,
        "hesse": {
            "error": 0.09931879722299837,
            "cl": 0.68268949
        }
    },
    "mu1_3Gauss_psi2S_high_2011_ETOS": {
        "value": 306.7180403687833,
        "hesse": {
            "error": 6.274640110260688,
            "cl": 0.68268949
        }
    },
    "sigma1_3Gauss_psi2S_high_2011_ETOS": {
        "value": 39.998805815642456,
        "hesse": {
            "error": 0.21347338179905448,
            "cl": 0.68268949
        }
    },
    "mu2_3Gauss_psi2S_high_2011_ETOS": {
        "value": 425.33248739646154,
        "hesse": {
            "error": 16.299851193793582,
            "cl": 0.68268949
        }
    },
    "sigma2_3Gauss_psi2S_high_2011_ETOS": {
        "value": 48.864570483100515,
        "hesse": {
            "error": 12.017266654424422,
            "cl": 0.68268949
        }
    },
    "mu3_3Gauss_psi2S_high_2011_ETOS": {
        "value": 518.9573896163301,
        "hesse": {
            "error": 31.28473448290245,
            "cl": 0.68268949
        }
    },
    "sigma3_3Gauss_psi2S_high_2011_ETOS": {
        "value": 167.54171361705446,
        "hesse": {
            "error": 16.796016799471918,
            "cl": 0.68268949
        }
    }
}