{
    "frac1_3Gauss_psi2S_Jpsi_2018_ETOS": {
        "value": 0.44671581669944943,
        "hesse": {
            "error": 0.007748128971193516,
            "cl": 0.68268949
        }
    },
    "_frac2_3Gauss_psi2S_Jpsi_2018_ETOS": {
        "value": 0.7347927097409552,
        "hesse": {
            "error": 0.009515017617416733,
            "cl": 0.68268949
        }
    },
    "mu1_3Gauss_psi2S_Jpsi_2018_ETOS": {
        "value": -125.98261990019581,
        "hesse": {
            "error": 0.5912866954702641,
            "cl": 0.68268949
        }
    },
    "sigma1_3Gauss_psi2S_Jpsi_2018_ETOS": {
        "value": 19.084131422901827,
        "hesse": {
            "error": 0.6275872690388439,
            "cl": 0.68268949
        }
    },
    "mu2_3Gauss_psi2S_Jpsi_2018_ETOS": {
        "value": -232.29627285601148,
        "hesse": {
            "error": 2.3210870138731434,
            "cl": 0.68268949
        }
    },
    "sigma2_3Gauss_psi2S_Jpsi_2018_ETOS": {
        "value": 69.59772220128691,
        "hesse": {
            "error": 1.354865728411457,
            "cl": 0.68268949
        }
    },
    "mu3_3Gauss_psi2S_Jpsi_2018_ETOS": {
        "value": -453.4543425250364,
        "hesse": {
            "error": 6.360829856817524,
            "cl": 0.68268949
        }
    },
    "sigma3_3Gauss_psi2S_Jpsi_2018_ETOS": {
        "value": 187.2754195201824,
        "hesse": {
            "error": 2.9854623245483727,
            "cl": 0.68268949
        }
    }
}