{
    "frac1_3Gauss_ee_1_all_ETOS": {
        "value": 0.4542291670066261,
        "hesse": {
            "error": 0.0378461133671506,
            "cl": 0.68268949
        }
    },
    "_frac2_3Gauss_ee_1_all_ETOS": {
        "value": 0.6847884451790354,
        "hesse": {
            "error": 0.049512953497873595,
            "cl": 0.68268949
        }
    },
    "mu1_3Gauss_ee_1_all_ETOS": {
        "value": 5247.5425444746015,
        "hesse": {
            "error": 1.8760734614264243,
            "cl": 0.68268949
        }
    },
    "sigma1_3Gauss_ee_1_all_ETOS": {
        "value": 47.58277653911329,
        "hesse": {
            "error": 2.1614848238530793,
            "cl": 0.68268949
        }
    },
    "mu2_3Gauss_ee_1_all_ETOS": {
        "value": 5193.155476576688,
        "hesse": {
            "error": 4.142334961029974,
            "cl": 0.68268949
        }
    },
    "sigma2_3Gauss_ee_1_all_ETOS": {
        "value": 109.6936796494146,
        "hesse": {
            "error": 9.710127671223802,
            "cl": 0.68268949
        }
    },
    "mu3_3Gauss_ee_1_all_ETOS": {
        "value": 5255.907851222916,
        "hesse": {
            "error": 13.653254189231541,
            "cl": 0.68268949
        }
    },
    "sigma3_3Gauss_ee_1_all_ETOS": {
        "value": 216.82540535563976,
        "hesse": {
            "error": 8.089382138290432,
            "cl": 0.68268949
        }
    }
}