{
    "frac1_3Gauss_Jpsi_psi2S_2018_GTIS": {
        "value": 0.514447522774247,
        "hesse": {
            "error": 0.01766123757864965,
            "cl": 0.68268949
        }
    },
    "_frac2_3Gauss_Jpsi_psi2S_2018_GTIS": {
        "value": 0.1112186720046875,
        "hesse": {
            "error": 0.010650378504388465,
            "cl": 0.68268949
        }
    },
    "mu1_3Gauss_Jpsi_psi2S_2018_GTIS": {
        "value": 104.62244461409314,
        "hesse": {
            "error": 1.7270596918242935,
            "cl": 0.68268949
        }
    },
    "sigma1_3Gauss_Jpsi_psi2S_2018_GTIS": {
        "value": 35.45752109340221,
        "hesse": {
            "error": 1.6975385754271646,
            "cl": 0.68268949
        }
    },
    "mu2_3Gauss_Jpsi_psi2S_2018_GTIS": {
        "value": 700.4270237043887,
        "hesse": {
            "error": 11.574134496761138,
            "cl": 0.68268949
        }
    },
    "sigma2_3Gauss_Jpsi_psi2S_2018_GTIS": {
        "value": 79.99999999431921,
        "hesse": {
            "error": 8.783089926333324e-05,
            "cl": 0.68268949
        }
    },
    "mu3_3Gauss_Jpsi_psi2S_2018_GTIS": {
        "value": 271.283496912389,
        "hesse": {
            "error": 6.821171101409508,
            "cl": 0.68268949
        }
    },
    "sigma3_3Gauss_Jpsi_psi2S_2018_GTIS": {
        "value": 124.1176905722054,
        "hesse": {
            "error": 4.160165291504586,
            "cl": 0.68268949
        }
    }
}