{
    "mu_DSCB_1_2011_ETOS": {
        "value": 5244.662259926699,
        "hesse": {
            "error": 1.753433349390527,
            "cl": 0.68268949
        }
    },
    "sigma_DSCB_1_2011_ETOS": {
        "value": 54.97546932251646,
        "hesse": {
            "error": 2.4365286647651008,
            "cl": 0.68268949
        }
    },
    "alphal_DSCB_1_2011_ETOS": {
        "value": 0.6379402019940116,
        "hesse": {
            "error": 0.03508208960599001,
            "cl": 0.68268949
        }
    },
    "nl_DSCB_1_2011_ETOS": {
        "value": 131.77791396465523,
        "hesse": {
            "error": 72.95956832476149,
            "cl": 0.68268949
        }
    },
    "alphar_DSCB_1_2011_ETOS": {
        "value": 1.2845621838691499,
        "hesse": {
            "error": 0.07937924862441556,
            "cl": 0.68268949
        }
    },
    "nr_DSCB_1_2011_ETOS": {
        "value": 3.2901410494536147,
        "hesse": {
            "error": 0.4083119015497071,
            "cl": 0.68268949
        }
    }
}