{
    "mu_CB_ee_0_all_GTIS": {
        "value": 5243.233255804848,
        "hesse": {
            "error": 21.03274346991509,
            "cl": 0.68268949
        }
    },
    "sigma_CB_ee_0_all_GTIS": {
        "value": 26.571416135489105,
        "hesse": {
            "error": 12.17182324826952,
            "cl": 0.68268949
        }
    },
    "alpha_CB_ee_0_all_GTIS": {
        "value": 0.2914744143641479,
        "hesse": {
            "error": 0.15309327870898243,
            "cl": 0.68268949
        }
    },
    "n_CB_ee_0_all_GTIS": {
        "value": 9.999807253603795,
        "hesse": {
            "error": 0.00012964379652783553,
            "cl": 0.68268949
        }
    }
}