{
    "frac1_3Gauss_psi2S_psi2S_2015_GTIS": {
        "value": 0.1752946639910539,
        "hesse": {
            "error": 0.05298630106890659,
            "cl": 0.68268949
        }
    },
    "_frac2_3Gauss_psi2S_psi2S_2015_GTIS": {
        "value": 0.3716193894626085,
        "hesse": {
            "error": 0.04456207145171483,
            "cl": 0.68268949
        }
    },
    "mu1_3Gauss_psi2S_psi2S_2015_GTIS": {
        "value": -33.99420006248166,
        "hesse": {
            "error": 3.723001696994309,
            "cl": 0.68268949
        }
    },
    "sigma1_3Gauss_psi2S_psi2S_2015_GTIS": {
        "value": 35.780586351769855,
        "hesse": {
            "error": 5.508996428671417,
            "cl": 0.68268949
        }
    },
    "mu2_3Gauss_psi2S_psi2S_2015_GTIS": {
        "value": -62.3828042355971,
        "hesse": {
            "error": 6.541799822745378,
            "cl": 0.68268949
        }
    },
    "sigma2_3Gauss_psi2S_psi2S_2015_GTIS": {
        "value": 72.448610193724,
        "hesse": {
            "error": 5.315589006116209,
            "cl": 0.68268949
        }
    },
    "mu3_3Gauss_psi2S_psi2S_2015_GTIS": {
        "value": -105.42916531052559,
        "hesse": {
            "error": 3.303537267359274,
            "cl": 0.68268949
        }
    },
    "sigma3_3Gauss_psi2S_psi2S_2015_GTIS": {
        "value": 192.28973247222726,
        "hesse": {
            "error": 2.99892187707174,
            "cl": 0.68268949
        }
    }
}