{
    "mu_DSCB_2_2017_GTIS": {
        "value": 5269.670465807265,
        "hesse": {
            "error": 2.9512711947720396,
            "cl": 0.68268949
        }
    },
    "sigma_DSCB_2_2017_GTIS": {
        "value": 98.03073259634061,
        "hesse": {
            "error": 4.398959006699033,
            "cl": 0.68268949
        }
    },
    "alphal_DSCB_2_2017_GTIS": {
        "value": 1.2383343166011058,
        "hesse": {
            "error": 0.09951305180754973,
            "cl": 0.68268949
        }
    },
    "nl_DSCB_2_2017_GTIS": {
        "value": 146.92340089661462,
        "hesse": {
            "error": 164.71785427415796,
            "cl": 0.68268949
        }
    },
    "alphar_DSCB_2_2017_GTIS": {
        "value": 1.1525847608044868,
        "hesse": {
            "error": 0.11039791513264949,
            "cl": 0.68268949
        }
    },
    "nr_DSCB_2_2017_GTIS": {
        "value": 2.1978528327804123,
        "hesse": {
            "error": 0.4816097562391148,
            "cl": 0.68268949
        }
    }
}