{
    "mu_DSCB_1_all_ETOS": {
        "value": 5247.248884011594,
        "hesse": {
            "error": 0.7520997800347405,
            "cl": 0.68268949
        }
    },
    "sigma_DSCB_1_all_ETOS": {
        "value": 50.46630011020275,
        "hesse": {
            "error": 1.488001846851103,
            "cl": 0.68268949
        }
    },
    "alphal_DSCB_1_all_ETOS": {
        "value": 0.5791804078413942,
        "hesse": {
            "error": 0.020803978091548707,
            "cl": 0.68268949
        }
    },
    "nl_DSCB_1_all_ETOS": {
        "value": 79.68404966769268,
        "hesse": {
            "error": 7.577811590976707,
            "cl": 0.68268949
        }
    },
    "alphar_DSCB_1_all_ETOS": {
        "value": 1.140034706132368,
        "hesse": {
            "error": 0.03204302481073517,
            "cl": 0.68268949
        }
    },
    "nr_DSCB_1_all_ETOS": {
        "value": 3.417167022954278,
        "hesse": {
            "error": 0.13762230595485997,
            "cl": 0.68268949
        }
    }
}