{
    "frac1_3Gauss_ee_2_r1_ETOS": {
        "value": 0.4789909640002926,
        "hesse": {
            "error": 0.04511819751370306,
            "cl": 0.68268949
        }
    },
    "_frac2_3Gauss_ee_2_r1_ETOS": {
        "value": 0.7437035461030872,
        "hesse": {
            "error": 0.13629936016893676,
            "cl": 0.68268949
        }
    },
    "mu1_3Gauss_ee_2_r1_ETOS": {
        "value": 5266.018530413896,
        "hesse": {
            "error": 0.3278246189254785,
            "cl": 0.68268949
        }
    },
    "sigma1_3Gauss_ee_2_r1_ETOS": {
        "value": 56.113065175142935,
        "hesse": {
            "error": 2.9849827223994154,
            "cl": 0.68268949
        }
    },
    "mu2_3Gauss_ee_2_r1_ETOS": {
        "value": 5274.621708375241,
        "hesse": {
            "error": 4.614787477056253,
            "cl": 0.68268949
        }
    },
    "sigma2_3Gauss_ee_2_r1_ETOS": {
        "value": 144.71849666353256,
        "hesse": {
            "error": 18.44617569432529,
            "cl": 0.68268949
        }
    },
    "mu3_3Gauss_ee_2_r1_ETOS": {
        "value": 5367.054500966945,
        "hesse": {
            "error": 46.974778905966005,
            "cl": 0.68268949
        }
    },
    "sigma3_3Gauss_ee_2_r1_ETOS": {
        "value": 250.4931546915956,
        "hesse": {
            "error": 26.37266412871904,
            "cl": 0.68268949
        }
    }
}