{
    "mu_DSCB_0_r2p1_GTIS": {
        "value": 5254.532309815859,
        "hesse": {
            "error": 121.79923339232869,
            "cl": 0.68268949
        }
    },
    "sigma_DSCB_0_r2p1_GTIS": {
        "value": 16.97715529802371,
        "hesse": {
            "error": 98.7316214210121,
            "cl": 0.68268949
        }
    },
    "alphal_DSCB_0_r2p1_GTIS": {
        "value": 0.16329794962655864,
        "hesse": {
            "error": 1.0045021450251133,
            "cl": 0.68268949
        }
    },
    "nl_DSCB_0_r2p1_GTIS": {
        "value": 107.95017406180327,
        "hesse": {
            "error": 56.34420818553523,
            "cl": 0.68268949
        }
    },
    "alphar_DSCB_0_r2p1_GTIS": {
        "value": 1.3587363443586038,
        "hesse": {
            "error": 7.744486342654271,
            "cl": 0.68268949
        }
    },
    "nr_DSCB_0_r2p1_GTIS": {
        "value": 109.61080230294469,
        "hesse": {
            "error": 37.46959848075709,
            "cl": 0.68268949
        }
    }
}