{
    "frac1_3Gauss_ee_2_r2p1_GTIS": {
        "value": 0.6501429483594786,
        "hesse": {
            "error": 0.09441832146064276,
            "cl": 0.68268949
        }
    },
    "_frac2_3Gauss_ee_2_r2p1_GTIS": {
        "value": 0.40001491016513235,
        "hesse": {
            "error": 0.12511316884199125,
            "cl": 0.68268949
        }
    },
    "mu1_3Gauss_ee_2_r2p1_GTIS": {
        "value": 5264.052050692368,
        "hesse": {
            "error": 1.3941530463120184,
            "cl": 0.68268949
        }
    },
    "sigma1_3Gauss_ee_2_r2p1_GTIS": {
        "value": 93.61332370279341,
        "hesse": {
            "error": 7.297007308966211,
            "cl": 0.68268949
        }
    },
    "mu2_3Gauss_ee_2_r2p1_GTIS": {
        "value": 5599.9999755240415,
        "hesse": {
            "error": 5.285233097174316e-05,
            "cl": 0.68268949
        }
    },
    "sigma2_3Gauss_ee_2_r2p1_GTIS": {
        "value": 149.99999999999156,
        "hesse": {
            "error": 4.724820962083592e-09,
            "cl": 0.68268949
        }
    },
    "mu3_3Gauss_ee_2_r2p1_GTIS": {
        "value": 5234.659593798613,
        "hesse": {
            "error": 24.817406358066524,
            "cl": 0.68268949
        }
    },
    "sigma3_3Gauss_ee_2_r2p1_GTIS": {
        "value": 186.6529817001427,
        "hesse": {
            "error": 18.953085795686516,
            "cl": 0.68268949
        }
    }
}