{
    "frac1_3Gauss_Jpsi_Jpsi_2017_GTIS": {
        "value": 0.07347054012629932,
        "hesse": {
            "error": 0.0057453968212403984,
            "cl": 0.68268949
        }
    },
    "_frac2_3Gauss_Jpsi_Jpsi_2017_GTIS": {
        "value": 0.5314949470724589,
        "hesse": {
            "error": 0.010196918286643103,
            "cl": 0.68268949
        }
    },
    "mu1_3Gauss_Jpsi_Jpsi_2017_GTIS": {
        "value": -185.40079297768463,
        "hesse": {
            "error": 5.433512378950253,
            "cl": 0.68268949
        }
    },
    "sigma1_3Gauss_Jpsi_Jpsi_2017_GTIS": {
        "value": 39.99999999645079,
        "hesse": {
            "error": 8.325941985896045e-05,
            "cl": 0.68268949
        }
    },
    "mu2_3Gauss_Jpsi_Jpsi_2017_GTIS": {
        "value": -44.325218101250975,
        "hesse": {
            "error": 1.2822236305898649,
            "cl": 0.68268949
        }
    },
    "sigma2_3Gauss_Jpsi_Jpsi_2017_GTIS": {
        "value": 55.62156072926315,
        "hesse": {
            "error": 1.4020056343224037,
            "cl": 0.68268949
        }
    },
    "mu3_3Gauss_Jpsi_Jpsi_2017_GTIS": {
        "value": -99.47320982222182,
        "hesse": {
            "error": 2.3026963587128466,
            "cl": 0.68268949
        }
    },
    "sigma3_3Gauss_Jpsi_Jpsi_2017_GTIS": {
        "value": 237.85817854338526,
        "hesse": {
            "error": 2.3225541378539534,
            "cl": 0.68268949
        }
    }
}