{
    "mu_DSCB_0_2018_GTIS": {
        "value": 5241.806304264833
    },
    "sigma_DSCB_0_2018_GTIS": {
        "value": 28.012930123540986
    },
    "alphal_DSCB_0_2018_GTIS": {
        "value": 0.27610172323470433
    },
    "nl_DSCB_0_2018_GTIS": {
        "value": 116.37058068928896
    },
    "alphar_DSCB_0_2018_GTIS": {
        "value": 9.761289138904285
    },
    "nr_DSCB_0_2018_GTIS": {
        "value": 103.03610864873804
    }
}