{
    "frac1_3Gauss_Jpsi_Jpsi_2015_GTIS": {
        "value": 0.2282386938004992,
        "hesse": {
            "error": 0.0260820970930131,
            "cl": 0.68268949
        }
    },
    "_frac2_3Gauss_Jpsi_Jpsi_2015_GTIS": {
        "value": 0.4615946998960354,
        "hesse": {
            "error": 0.021232477274734554,
            "cl": 0.68268949
        }
    },
    "mu1_3Gauss_Jpsi_Jpsi_2015_GTIS": {
        "value": -28.201999296455295,
        "hesse": {
            "error": 1.0359256416034939,
            "cl": 0.68268949
        }
    },
    "sigma1_3Gauss_Jpsi_Jpsi_2015_GTIS": {
        "value": 37.90554376375827,
        "hesse": {
            "error": 2.6418257346358027,
            "cl": 0.68268949
        }
    },
    "mu2_3Gauss_Jpsi_Jpsi_2015_GTIS": {
        "value": -79.46463794861373,
        "hesse": {
            "error": 4.557459637838226,
            "cl": 0.68268949
        }
    },
    "sigma2_3Gauss_Jpsi_Jpsi_2015_GTIS": {
        "value": 79.99999999801638,
        "hesse": {
            "error": 3.788809789019301e-05,
            "cl": 0.68268949
        }
    },
    "mu3_3Gauss_Jpsi_Jpsi_2015_GTIS": {
        "value": -104.39866843260691,
        "hesse": {
            "error": 1.974905411247006,
            "cl": 0.68268949
        }
    },
    "sigma3_3Gauss_Jpsi_Jpsi_2015_GTIS": {
        "value": 236.6331402072206,
        "hesse": {
            "error": 1.5941799390072617,
            "cl": 0.68268949
        }
    }
}