{
    "frac1_3Gauss_Jpsi_Jpsi_2011_ETOS": {
        "value": 0.3108101793321659,
        "hesse": {
            "error": 0.0062504147307578025,
            "cl": 0.68268949
        }
    },
    "_frac2_3Gauss_Jpsi_Jpsi_2011_ETOS": {
        "value": 0.5875926010536717,
        "hesse": {
            "error": 0.007032467729295708,
            "cl": 0.68268949
        }
    },
    "mu1_3Gauss_Jpsi_Jpsi_2011_ETOS": {
        "value": -28.537758845302317,
        "hesse": {
            "error": 0.36817387454172257,
            "cl": 0.68268949
        }
    },
    "sigma1_3Gauss_Jpsi_Jpsi_2011_ETOS": {
        "value": 29.139214192024262,
        "hesse": {
            "error": 0.577093878196663,
            "cl": 0.68268949
        }
    },
    "mu2_3Gauss_Jpsi_Jpsi_2011_ETOS": {
        "value": -68.75329915571133,
        "hesse": {
            "error": 0.9501182087992835,
            "cl": 0.68268949
        }
    },
    "sigma2_3Gauss_Jpsi_Jpsi_2011_ETOS": {
        "value": 79.99923979137952,
        "hesse": {
            "error": 0.02238007214787161,
            "cl": 0.68268949
        }
    },
    "mu3_3Gauss_Jpsi_Jpsi_2011_ETOS": {
        "value": -120.6481865861642,
        "hesse": {
            "error": 1.3918328599168066,
            "cl": 0.68268949
        }
    },
    "sigma3_3Gauss_Jpsi_Jpsi_2011_ETOS": {
        "value": 209.57082867790433,
        "hesse": {
            "error": 1.1491295866777391,
            "cl": 0.68268949
        }
    }
}