{
    "frac1_3Gauss_Jpsi_Jpsi_2018_GTIS": {
        "value": 0.06974946607626104,
        "hesse": {
            "error": 0.006307039024785319,
            "cl": 0.68268949
        }
    },
    "_frac2_3Gauss_Jpsi_Jpsi_2018_GTIS": {
        "value": 0.5518348432413892,
        "hesse": {
            "error": 0.010541002415646835,
            "cl": 0.68268949
        }
    },
    "mu1_3Gauss_Jpsi_Jpsi_2018_GTIS": {
        "value": -181.19885502225554,
        "hesse": {
            "error": 6.240580324205895,
            "cl": 0.68268949
        }
    },
    "sigma1_3Gauss_Jpsi_Jpsi_2018_GTIS": {
        "value": 39.999739305541496,
        "hesse": {
            "error": 0.022574289677985176,
            "cl": 0.68268949
        }
    },
    "mu2_3Gauss_Jpsi_Jpsi_2018_GTIS": {
        "value": -42.41867738577229,
        "hesse": {
            "error": 1.3394567044243688,
            "cl": 0.68268949
        }
    },
    "sigma2_3Gauss_Jpsi_Jpsi_2018_GTIS": {
        "value": 55.33352458679313,
        "hesse": {
            "error": 1.4495393940690557,
            "cl": 0.68268949
        }
    },
    "mu3_3Gauss_Jpsi_Jpsi_2018_GTIS": {
        "value": -98.87680780641901,
        "hesse": {
            "error": 2.365776631817469,
            "cl": 0.68268949
        }
    },
    "sigma3_3Gauss_Jpsi_Jpsi_2018_GTIS": {
        "value": 238.38872493214902,
        "hesse": {
            "error": 2.4073775602212026,
            "cl": 0.68268949
        }
    }
}