{
    "frac1_3Gauss_psi2S_Jpsi_2017_ETOS": {
        "value": 0.41809522953432043,
        "hesse": {
            "error": 0.007516555547887122,
            "cl": 0.68268949
        }
    },
    "_frac2_3Gauss_psi2S_Jpsi_2017_ETOS": {
        "value": 0.699275608902101,
        "hesse": {
            "error": 0.00886289725711232,
            "cl": 0.68268949
        }
    },
    "mu1_3Gauss_psi2S_Jpsi_2017_ETOS": {
        "value": -124.15198424146242,
        "hesse": {
            "error": 0.5469022123854721,
            "cl": 0.68268949
        }
    },
    "sigma1_3Gauss_psi2S_Jpsi_2017_ETOS": {
        "value": 16.730599523050767,
        "hesse": {
            "error": 0.6288146055441675,
            "cl": 0.68268949
        }
    },
    "mu2_3Gauss_psi2S_Jpsi_2017_ETOS": {
        "value": -220.64801496128922,
        "hesse": {
            "error": 1.9832590336641942,
            "cl": 0.68268949
        }
    },
    "sigma2_3Gauss_psi2S_Jpsi_2017_ETOS": {
        "value": 63.44331725420658,
        "hesse": {
            "error": 1.1817897642618673,
            "cl": 0.68268949
        }
    },
    "mu3_3Gauss_psi2S_Jpsi_2017_ETOS": {
        "value": -431.236957339805,
        "hesse": {
            "error": 5.118144635008221,
            "cl": 0.68268949
        }
    },
    "sigma3_3Gauss_psi2S_Jpsi_2017_ETOS": {
        "value": 173.64302213782756,
        "hesse": {
            "error": 2.502180180822438,
            "cl": 0.68268949
        }
    }
}