{
    "frac1_3Gauss_psi2S_Jpsi_2017_GTIS": {
        "value": 0.5224237444879194,
        "hesse": {
            "error": 0.011275495934491354,
            "cl": 0.68268949
        }
    },
    "_frac2_3Gauss_psi2S_Jpsi_2017_GTIS": {
        "value": 0.06517051080869407,
        "hesse": {
            "error": 0.004387676380874815,
            "cl": 0.68268949
        }
    },
    "mu1_3Gauss_psi2S_Jpsi_2017_GTIS": {
        "value": -140.2531451094547,
        "hesse": {
            "error": 1.142006221659318,
            "cl": 0.68268949
        }
    },
    "sigma1_3Gauss_psi2S_Jpsi_2017_GTIS": {
        "value": 32.25470187145978,
        "hesse": {
            "error": 1.1336850362319029,
            "cl": 0.68268949
        }
    },
    "mu2_3Gauss_psi2S_Jpsi_2017_GTIS": {
        "value": -799.999970030756,
        "hesse": {
            "error": 0.021530255775897653,
            "cl": 0.68268949
        }
    },
    "sigma2_3Gauss_psi2S_Jpsi_2017_GTIS": {
        "value": 79.99998543555361,
        "hesse": {
            "error": 0.0030443106555758923,
            "cl": 0.68268949
        }
    },
    "mu3_3Gauss_psi2S_Jpsi_2017_GTIS": {
        "value": -314.32070376476355,
        "hesse": {
            "error": 3.7063259005602056,
            "cl": 0.68268949
        }
    },
    "sigma3_3Gauss_psi2S_Jpsi_2017_GTIS": {
        "value": 124.35302167937267,
        "hesse": {
            "error": 1.9002201549063604,
            "cl": 0.68268949
        }
    }
}