{
    "mu_DSCB_2_r1_GTIS": {
        "value": 5271.608403474999,
        "hesse": {
            "error": 2.2782861954760345,
            "cl": 0.68268949
        }
    },
    "sigma_DSCB_2_r1_GTIS": {
        "value": 80.43999160559551,
        "hesse": {
            "error": 12.111163784100814,
            "cl": 0.68268949
        }
    },
    "alphal_DSCB_2_r1_GTIS": {
        "value": 0.9837447662205342,
        "hesse": {
            "error": 0.20419008456866092,
            "cl": 0.68268949
        }
    },
    "nl_DSCB_2_r1_GTIS": {
        "value": 17.27954825212711,
        "hesse": {
            "error": 6.045277036044195,
            "cl": 0.68268949
        }
    },
    "alphar_DSCB_2_r1_GTIS": {
        "value": 0.7991127393006774,
        "hesse": {
            "error": 0.15721137207441954,
            "cl": 0.68268949
        }
    },
    "nr_DSCB_2_r1_GTIS": {
        "value": 3.327477202632833,
        "hesse": {
            "error": 1.196746664461259,
            "cl": 0.68268949
        }
    }
}