{
    "frac1_3Gauss_Jpsi_Jpsi_2015_ETOS": {
        "value": 0.3181817436606795,
        "hesse": {
            "error": 0.0061779444249360944,
            "cl": 0.68268949
        }
    },
    "_frac2_3Gauss_Jpsi_Jpsi_2015_ETOS": {
        "value": 0.5793704919277842,
        "hesse": {
            "error": 0.006929644808970266,
            "cl": 0.68268949
        }
    },
    "mu1_3Gauss_Jpsi_Jpsi_2015_ETOS": {
        "value": -26.45012146309768,
        "hesse": {
            "error": 0.3550212261173298,
            "cl": 0.68268949
        }
    },
    "sigma1_3Gauss_Jpsi_Jpsi_2015_ETOS": {
        "value": 29.358303549002986,
        "hesse": {
            "error": 0.5664162162427061,
            "cl": 0.68268949
        }
    },
    "mu2_3Gauss_Jpsi_Jpsi_2015_ETOS": {
        "value": -65.46653407487256,
        "hesse": {
            "error": 0.93035184456347,
            "cl": 0.68268949
        }
    },
    "sigma2_3Gauss_Jpsi_Jpsi_2015_ETOS": {
        "value": 79.99984913262448,
        "hesse": {
            "error": 0.010678354637892695,
            "cl": 0.68268949
        }
    },
    "mu3_3Gauss_Jpsi_Jpsi_2015_ETOS": {
        "value": -120.70388066919591,
        "hesse": {
            "error": 1.366641313494392,
            "cl": 0.68268949
        }
    },
    "sigma3_3Gauss_Jpsi_Jpsi_2015_ETOS": {
        "value": 214.4711778436207,
        "hesse": {
            "error": 1.1221847582001148,
            "cl": 0.68268949
        }
    }
}