{
    "mu_DSCB_2_2011_ETOS": {
        "value": 5265.840098375154,
        "hesse": {
            "error": 2.0428586798922854,
            "cl": 0.68268949
        }
    },
    "sigma_DSCB_2_2011_ETOS": {
        "value": 60.94030139303256,
        "hesse": {
            "error": 3.5877942048660674,
            "cl": 0.68268949
        }
    },
    "alphal_DSCB_2_2011_ETOS": {
        "value": 0.8977472047241591,
        "hesse": {
            "error": 0.08982652883035992,
            "cl": 0.68268949
        }
    },
    "nl_DSCB_2_2011_ETOS": {
        "value": 15.412784198804436,
        "hesse": {
            "error": 7.724576384087945,
            "cl": 0.68268949
        }
    },
    "alphar_DSCB_2_2011_ETOS": {
        "value": 0.919013973187261,
        "hesse": {
            "error": 0.08026229053470187,
            "cl": 0.68268949
        }
    },
    "nr_DSCB_2_2011_ETOS": {
        "value": 3.605924341457145,
        "hesse": {
            "error": 0.5610049522151724,
            "cl": 0.68268949
        }
    }
}