{
    "f0": 0.17462813061095622,
    "f1": 0.4938039953490624,
    "f2": 0.33156787403998134
}