{
    "f0": 0.06605817998559589,
    "f1": 0.4476934654155535,
    "f2": 0.48624835459885063
}