{
    "f0": 0.19553772875407371,
    "f1": 0.5096515417397844,
    "f2": 0.2948107295061419
}