{
    "mu": {
        "index": [
            "2017",
            "2018",
            "r1",
            "r2p1",
            "all"
        ],
        "columns": [
            "v_MTOS",
            "e_MTOS",
            "v_ETOS",
            "e_ETOS",
            "v_GTIS",
            "e_GTIS"
        ],
        "data": [
            [
                -1.4393066469,
                0.047480597900000004,
                -9.4481293028,
                2.7207467877,
                -14.8777765311,
                6.639174754
            ],
            [
                -0.7350080779,
                0.0447122053,
                -7.9010960965,
                2.7770121029,
                -10.214522441,
                4.1231862644
            ],
            [
                3.641824960232069,
                0.08841278074936522,
                -0.6833803881364828,
                1.3827265079626785,
                -0.9362867477459154,
                0.955986978297539
            ],
            [
                -1.2782392828088085,
                0.11310291065505744,
                -7.476086347852525,
                0.668290429422006,
                -10.115642607149853,
                1.257583291868618
            ],
            [
                -0.5566855959769481,
                0.8776623688035708,
                -6.408555120580483,
                1.5291205877180571,
                -4.623318827781869,
                2.6528783750904164
            ]
        ],
        "index_names": [
            null
        ],
        "column_names": [
            null
        ]
    },
    "sg": {
        "index": [
            "2017",
            "2018",
            "r1",
            "r2p1",
            "all"
        ],
        "columns": [
            "v_MTOS",
            "e_MTOS",
            "v_ETOS",
            "e_ETOS",
            "v_GTIS",
            "e_GTIS"
        ],
        "data": [
            [
                1.1307474197,
                0.0031434039,
                1.1037329043,
                0.0507431824,
                1.0834839202,
                0.0336176498
            ],
            [
                1.1367129561,
                0.0029531730000000003,
                1.1473313498,
                0.0345559898,
                1.0908478629,
                0.0556435465
            ],
            [
                1.136347672167919,
                0.0038674934876857187,
                1.1444139731077823,
                0.014074247962108367,
                1.1019857048587773,
                0.006493230038914781
            ],
            [
                1.1649162759943157,
                0.006495341841923399,
                1.128741452957676,
                0.008778611309758036,
                1.0132208077257918,
                0.026425100555572914
            ],
            [
                1.1368445758915324,
                0.00494277946024266,
                1.1331556898647603,
                0.0049187114011598546,
                1.0964053445678188,
                0.011689943013707788
            ]
        ],
        "index_names": [
            null
        ],
        "column_names": [
            null
        ]
    },
    "br": {
        "index": [
            "MTOS_2017",
            "ETOS_2017",
            "GTIS_2017",
            "MTOS_2018",
            "ETOS_2018",
            "GTIS_2018",
            "MTOS_r1",
            "ETOS_r1",
            "GTIS_r1",
            "MTOS_r2p1",
            "ETOS_r2p1",
            "GTIS_r2p1",
            "MTOS_all",
            "ETOS_all",
            "GTIS_all"
        ],
        "columns": [
            "v_0",
            "e_0",
            "v_1",
            "e_1",
            "v_2",
            "e_2"
        ],
        "data": [
            [
                1.0,
                0.0,
                0.0,
                0.0,
                0.0,
                0.0
            ],
            [
                1.085055676,
                0.0091743267,
                1.0023247719,
                0.0043564949000000006,
                0.9263812857,
                0.0054426424
            ],
            [
                1.1125617116,
                0.0273657112,
                1.0125591817,
                0.0096902596,
                0.9422540829,
                0.0099201381
            ],
            [
                1.0,
                0.0,
                0.0,
                0.0,
                0.0,
                0.0
            ],
            [
                1.0615382209,
                0.0090984866,
                1.00533468,
                0.0044357359,
                0.9379394046,
                0.0053429433
            ],
            [
                1.1494726792,
                0.0275376771,
                1.0088514466,
                0.009731549800000001,
                0.9328671058,
                0.01022958
            ],
            [
                1.0,
                0.0,
                0.0,
                0.0,
                0.0,
                0.0
            ],
            [
                1.0523534701953348,
                0.0026617343159145825,
                0.9999199809837535,
                0.005397033519630438,
                0.9627688077416011,
                0.012209754684930348
            ],
            [
                1.0312529248088116,
                0.009576571343150717,
                0.9981188518465118,
                6.541278927473142e-05,
                0.9878353781093688,
                0.003878554655398181
            ],
            [
                1.0,
                0.0,
                0.0,
                0.0,
                0.0,
                0.0
            ],
            [
                1.0900477655548486,
                0.01717866949886558,
                1.0058063477117882,
                0.003378818981409613,
                0.9185707002092834,
                0.007265167634853584
            ],
            [
                1.1779068125606955,
                0.01866982905695849,
                1.0048779768960991,
                0.004133352960873629,
                0.9317927510716222,
                0.005603396708890573
            ],
            [
                1.0,
                NaN,
                1.0,
                NaN,
                1.0,
                NaN
            ],
            [
                1.0560759021632333,
                0.005661975890507254,
                1.0039898774584877,
                0.0012728248605740466,
                0.9316860082218308,
                0.006524104230513979
            ],
            [
                1.0729657904131846,
                0.03500304666046492,
                0.998121686623659,
                9.332968907663382e-05,
                0.9643405996198129,
                0.015479823359626945
            ]
        ],
        "index_names": [
            null
        ],
        "column_names": [
            null
        ]
    }
}