{
    "a": [
        -300.5058319580976,
        39.09326307323367
    ],
    "b": [
        2042.6991550803507,
        131.35528394883863
    ],
    "npr_ee_all_TOS_sb_fits_5": [
        371.73252428847627,
        94.64928144696727
    ],
    "mu_cb_ee_all_TOS_sb_fits_5": [
        4270.743168618685,
        58.64855372343225
    ],
    "lm_cb_ee_all_TOS_sb_fits_5": [
        31.782344498458983,
        5.4714642270553036
    ],
    "npr_ee_all_TOS_sb_fits_3": [
        446.4430971303614,
        60.521754702178114
    ],
    "mu_cb_ee_all_TOS_sb_fits_3": [
        4165.845669352292,
        90.07700873795712
    ],
    "lm_cb_ee_all_TOS_sb_fits_3": [
        64.63001272358112,
        7.071813112800687
    ],
    "npr_ee_all_TOS_sb_fits_2": [
        90.2330371240573,
        67.21755383215809
    ],
    "mu_cb_ee_all_TOS_sb_fits_2": [
        4184.536795670233,
        39.466185224715026
    ],
    "lm_cb_ee_all_TOS_sb_fits_2": [
        46.48077475632376,
        4.183367333732934
    ]
}