{
    "ncb_ee_r2p1_TOS_": [
        10.108149676064018,
        91.84760160483681
    ],
    "npr_ee_r2p1_TOS_": [
        323.140790337385,
        92.67326027021241
    ],
    "mu_cb_ee_r2p1_TOS_": [
        4203.745860361287,
        46.344310035971326
    ],
    "lm_cb_ee_r2p1_TOS_": [
        45.44212046759982,
        2.3700811628773963
    ]
}