{
    "a": [
        -65.88552803877258,
        335.08424338216906
    ],
    "b": [
        1216.932722777334,
        1005.262073617621
    ],
    "npr_ee_all_TOS_sb_fits_3": [
        479.6929763489166,
        168.036920542242
    ],
    "mu_cb_ee_all_TOS_sb_fits_3": [
        4223.596975876426,
        69.934789475765
    ],
    "lm_cb_ee_all_TOS_sb_fits_3": [
        46.675514432704816,
        7.7661017542159065
    ]
}